"bidder_id","bidprice","click"
"A145476B",7.83011154970154,0
"A597624B",8.91529259737581,0
"A476382B",2.88859278894961,0
"A602435B",5.45798528008163,0
"A365753B",8.0098526366055,0
"A902580B",8.54350680019706,0
"A924825B",3.46216206904501,0
"A176039B",1.49953660555184,0
"A484658B",2.82842377433553,0
"A259538B",2.39585438277572,0
"A571857B",2.83500309567899,0
"A257711B",9.60788249503821,0
"A511752B",7.23890176508576,0
"A8934B",2.70849794149399,0
"A265487B",1.6484435996972,0
"A544727B",6.56253143213689,0
"A34102B",6.44539657980204,0
"A604079B",2.50348152127117,0
"A565567B",8.13521415460855,0
"A667523B",0.242704136762768,0
"A224262B",2.25457929307595,0
"A218124B",6.00844213739038,0
"A502888B",7.59552597999573,0
"A908094B",1.36251443065703,0
"A922809B",0.40292147314176,0
"A451334B",5.33324304968119,0
"A412918B",5.90230746427551,0
"A549707B",3.87384695699438,0
"A58256B",0.472026213537902,0
"A585663B",4.23807774670422,0
"A11827B",3.14220765605569,0
"A748364B",4.00166136911139,0
"A341891B",0.0703486776910722,0
"A165145B",4.55720499390736,0
"A597837B",9.70650178380311,0
"A646445B",8.69162844726816,0
"A718143B",5.52537692943588,0
"A743334B",2.75392361916602,0
"A490389B",7.77842612704262,0
"A135413B",0.411361651495099,0
"A423821B",2.65059746801853,0
"A982256B",0.156646694522351,0
"A848660B",1.35227960068733,0
"A413174B",8.29864705214277,0
"A533524B",6.38047241140157,0
"A627333B",5.42690586764365,0
"A77522B",9.29700667271391,0
"A527516B",1.21260544052348,0
"A237955B",6.40056425705552,0
"A379398B",4.5856233802624,0
"A316327B",4.87678269855678,0
"A582059B",6.68724317569286,0
"A688390B",7.06350038293749,0
"A339324B",3.7513861944899,0
"A17878B",4.47096416261047,0
"A619301B",3.48993936320767,0
"A474823B",4.29901142138988,0
"A519292B",5.89887112844735,0
"A361998B",6.92158858058974,0
"A416402B",7.95002835337073,0
"A429844B",2.60509710526094,0
"A627133B",3.52543944260105,0
"A615361B",2.26219225442037,0
"A661573B",4.09857928287238,0
"A709106B",4.90103407530114,0
"A919621B",6.08992314198986,0
"A313954B",0.0621763989329338,0
"A252220B",5.01883910270408,0
"A23375B",8.79062490770593,0
"A396397B",1.94523901445791,0
"A169469B",5.7993057789281,0
"A990007B",6.46813378436491,0
"A192252B",5.62695438973606,0
"A272384B",9.84423515154049,0
"A870322B",9.17515698121861,0
"A692673B",2.66590043436736,0
"A175689B",9.57189367618412,0
"A820062B",0.537522819358855,0
"A855296B",9.86192283220589,0
"A389206B",4.13406013743952,0
"A135689B",5.49999902257696,0
"A613541B",3.64701974205673,0
"A922328B",2.99202787922695,0
"A214340B",3.72960542794317,0
"A550020B",1.41916325083002,0
"A340893B",0.764502990059555,0
"A79981B",8.97820772603154,0
"A936390B",4.38267366494983,0
"A603770B",6.42529361881316,0
"A308560B",9.96678251540288,0
"A537170B",9.37901792116463,0
"A29503B",6.75434769131243,0
"A430777B",8.89528946951032,0
"A857640B",0.479459674097598,0
"A154149B",7.26780838798732,0
"A429766B",5.79164881492034,0
"A137746B",6.2368471454829,0
"A403601B",7.17879029922187,0
"A166237B",9.99241864774376,0
"A438689B",2.6139000733383,0
"A680106B",4.52947835670784,0
"A646043B",2.34043334145099,0
"A981175B",8.03038809448481,0
"A450929B",3.27271525980905,0
"A508695B",4.30836114799604,0
"A826320B",4.54808787209913,0
"A165748B",8.48028253763914,0
"A155349B",8.85226116050035,0
"A539334B",4.07449994934723,0
"A504840B",6.45382028073072,0
"A271117B",3.40158525155857,0
"A444888B",8.17733434727415,0
"A608195B",5.95718857599422,0
"A88792B",3.95079841604456,0
"A382827B",9.11857014521956,0
"A863618B",6.65821118513122,0
"A238662B",6.5424980642274,0
"A30953B",5.85637273732573,0
"A696532B",2.24695919314399,0
"A741460B",2.6485991361551,0
"A622237B",3.11564612202346,0
"A833750B",5.84400609135628,0
"A716642B",1.9033602043055,0
"A450859B",2.8799700923264,0
"A952616B",8.99876956362277,0
"A297995B",0.994038672652096,0
"A645167B",1.74748489167541,0
"A906367B",6.56330106081441,0
"A979267B",4.60939678596333,0
"A991525B",4.82990803197026,0
"A848226B",6.66761642554775,0
"A819571B",2.99763134680688,0
"A311214B",5.33037479966879,0
"A506166B",8.38057171786204,0
"A224701B",7.82357718562707,0
"A1858B",7.23347592400387,0
"A557456B",9.97981929918751,0
"A290672B",5.08961161132902,0
"A427446B",5.30784503556788,0
"A948280B",7.29374691145495,0
"A272044B",3.37895563105121,0
"A216897B",3.68348088813946,0
"A208719B",1.84426297433674,0
"A912424B",9.98703460674733,0
"A413904B",2.7693489799276,0
"A860157B",6.05936113046482,0
"A687355B",4.23585565993562,0
"A242873B",8.8429010938853,0
"A865288B",9.79073730297387,0
"A674653B",1.68736811727285,0
"A21248B",0.767786167562008,0
"A864856B",3.66753581911325,0
"A328620B",1.71522983117029,0
"A100979B",7.60753817856312,0
"A548208B",1.08206309145316,0
"A190232B",3.66571067366749,0
"A166789B",7.56767374929041,0
"A871013B",2.37440263386816,0
"A868329B",6.11575697315857,0
"A619160B",9.13655493641272,0
"A815894B",8.26365267625079,0
"A350978B",6.40342910541221,0
"A952530B",6.46845133276656,0
"A55676B",0.539517600554973,0
"A109967B",9.91266468539834,0
"A380960B",4.23287031706423,0
"A522463B",8.51352019468322,0
"A162271B",9.04592470964417,0
"A819051B",2.7535452414304,0
"A304987B",7.52763187745586,0
"A59674B",4.5125829288736,0
"A849593B",0.172014588024467,0
"A486838B",4.84229334630072,0
"A343383B",8.67111285449937,0
"A970625B",9.40774956252426,0
"A219817B",0.247918127570301,0
"A573592B",8.74959281645715,0
"A294925B",4.39280160702765,0
"A711024B",9.79451877530664,0
"A591250B",6.38072214554995,0
"A87451B",2.83972240285948,0
"A13560B",2.48951961286366,0
"A12454B",2.61732103303075,0
"A673081B",1.28591367043555,0
"A227043B",4.08023010706529,0
"A94311B",1.90919670509174,0
"A939231B",9.1210289648734,0
"A22699B",4.64428993640468,0
"A603985B",6.86995257157832,0
"A302220B",4.46944193681702,0
"A421420B",1.92326677031815,0
"A877837B",3.75696817645803,0
"A47058B",4.02899126987904,0
"A185101B",7.40689602214843,0
"A781045B",8.22488947072998,0
"A758091B",1.24475153861567,0
"A139651B",7.58158658631146,0
"A954362B",1.69729490298778,0
"A924453B",2.38017021911219,0
"A608951B",4.08255078364164,0
"A465088B",5.12475157855079,0
"A397254B",9.22886076848954,0
"A193305B",7.55964591633528,0
"A293858B",3.52751062717289,0
"A117113B",8.62533198669553,0
"A633257B",1.65108675835654,0
"A631366B",2.05490265972912,0
"A742510B",4.48689951328561,0
"A266374B",6.725294792559,0
"A315186B",7.27553583215922,0
"A307275B",2.79406702844426,0
"A781625B",4.65560739394277,0
"A276890B",6.77113585174084,0
"A878245B",9.0858069434762,0
"A244252B",4.6249579382129,0
"A272495B",7.35400634119287,0
"A300861B",5.04354671109468,0
"A670249B",1.85383871197701,0
"A272250B",7.46966792969033,0
"A878968B",0.00758664216846228,0
"A675820B",1.08315830351785,0
"A537260B",9.42502185702324,0
"A626341B",3.52181345690042,0
"A179701B",4.09710875479504,0
"A251077B",4.03561077313498,0
"A426920B",8.55631239945069,0
"A317837B",3.62661348888651,0
"A209261B",4.39959246199578,0
"A125363B",6.79338223068044,0
"A299356B",2.23223682725802,0
"A106043B",3.35602384060621,0
"A497196B",7.63139029964805,0
"A194224B",4.82836007839069,0
"A653747B",5.04571091150865,0
"A612544B",8.79264171700925,0
"A226094B",3.57421363471076,0
"A513874B",6.44565165508538,0
"A248574B",9.13724521175027,0
"A733267B",3.66269721882418,0
"A39770B",4.08411281881854,0
"A629979B",5.07945388089865,0
"A541110B",4.24734455766156,0
"A536198B",0.292351702228189,0
"A61531B",6.58654065337032,0
"A198335B",1.37961786240339,0
"A906054B",9.7363395569846,0
"A18459B",9.7944027511403,0
"A892363B",5.60599583666772,0
"A717400B",7.74042091565207,0
"A56813B",1.49465298047289,0
"A995924B",7.79398141661659,0
"A252836B",3.19131234195083,0
"A693573B",8.25003291713074,0
"A15667B",2.06029224209487,0
"A733724B",0.414649369195104,0
"A703823B",9.35777312377468,0
"A515966B",4.97884003678337,0
"A625134B",6.34944063844159,0
"A918527B",8.53939696447924,0
"A255361B",7.97014833195135,0
"A460325B",2.12778323097154,0
"A64671B",8.95697334548458,0
"A898663B",8.78565893974155,0
"A97172B",4.46532756788656,0
"A184014B",6.53619717108086,0
"A586915B",9.99861075775698,0
"A710983B",9.06269925413653,0
"A291194B",2.65404519392177,0
"A238169B",8.21700820233673,0
"A802573B",6.46195467794314,0
"A974862B",6.24624413438141,0
"A301946B",2.22324980190024,0
"A547767B",4.23685777466744,0
"A758025B",6.3171433005482,0
"A804156B",5.29491426888853,0
"A417894B",8.21441317442805,0
"A961270B",3.19079579086974,0
"A311820B",0.139360623434186,0
"A661285B",7.1546714217402,0
"A933659B",7.47542314231396,0
"A791521B",5.9392030723393,0
"A506844B",7.27364210179076,0
"A831840B",0.546121320221573,0
"A260030B",3.69766559451818,0
"A760673B",6.6074960748665,0
"A880906B",3.75189142068848,0
"A483596B",4.49152797926217,0
"A884021B",2.80499500688165,0
"A263063B",5.11878346092999,0
"A206902B",7.40789186442271,0
"A136505B",9.74242341239005,0
"A304606B",3.21039711125195,0
"A63693B",4.62876395322382,0
"A636506B",3.51070056902245,0
"A140511B",0.0954364379867911,0
"A395618B",5.66269441507757,0
"A873571B",1.41957106767222,0
"A897639B",6.80833206977695,0
"A60009B",2.10834582336247,0
"A853475B",4.78867797646672,0
"A612361B",1.40903308056295,0
"A661821B",8.11775428242981,0
"A738596B",8.99659711867571,0
"A630720B",8.56353747425601,0
"A431204B",6.86123936902732,0
"A457407B",6.29767328035086,0
"A667619B",5.75314755318686,0
"A150259B",0.0628114677965641,0
"A188671B",7.28739924961701,0
"A210148B",1.31726783001795,0
"A126669B",5.62074762303382,0
"A305528B",3.30338438507169,0
"A132157B",8.2089186925441,0
"A35442B",0.187850608490407,0
"A784243B",3.86388044338673,0
"A250522B",1.89303677529097,0
"A520148B",6.2469045096077,0
"A501929B",9.7276334441267,0
"A760940B",2.28506081271917,0
"A99453B",4.30548818549141,0
"A482683B",6.01728811161593,0
"A243514B",4.86811472568661,0
"A920504B",2.98738224199042,0
"A98135B",7.80874335905537,0
"A678490B",1.37910237535834,0
"A874264B",6.08018816681579,0
"A591522B",7.23251700168476,0
"A702648B",1.53902593068779,0
"A150923B",1.07141681713983,0
"A319725B",3.7538277474232,0
"A961041B",9.35119743458927,0
"A198871B",8.03340064128861,0
"A48145B",1.03265295038,0
"A616331B",4.09045498585328,0
"A100239B",1.59301530104131,0
"A138365B",5.19397467607632,0
"A959696B",0.0578105496242642,0
"A805435B",0.280707201454788,0
"A974200B",6.21055730385706,0
"A77637B",5.1595538854599,0
"A788850B",2.78910194290802,0
"A627043B",3.58329864684492,0
"A181913B",8.55493411421776,0
"A191355B",9.78269827319309,0
"A589384B",6.80071854265407,0
"A830679B",7.44506188668311,0
"A263391B",7.4853949691169,0
"A768143B",8.95788909168914,0
"A727354B",2.5034507852979,0
"A657173B",4.34006332885474,0
"A572276B",3.35777863394469,0
"A302823B",3.94234210485592,0
"A290430B",9.91422088583931,0
"A615757B",5.15886876033619,0
"A914039B",2.38780262880027,0
"A909209B",8.16077976021916,0
"A404984B",3.77455193083733,0
"A635567B",6.36655975366011,0
"A708610B",4.95949087198824,0
"A75584B",8.36827805032954,0
"A739873B",4.57226677332073,0
"A667665B",0.553773012943566,0
"A909763B",7.51362567767501,0
"A683045B",5.44172308640555,0
"A126414B",1.28299669595435,0
"A370591B",7.22341138636693,0
"A919565B",7.31151363346726,0
"A660181B",1.36454425519332,0
"A357984B",3.26598068699241,0
"A430311B",1.26224354142323,0
"A964535B",0.0576931703835726,0
"A909169B",9.89389348775148,0
"A163859B",1.12039733212441,0
"A684427B",6.12082630163059,0
"A779884B",3.65331856766716,0
"A367119B",5.53051256109029,0
"A31873B",0.564800908323377,0
"A44697B",1.8206427176483,0
"A687060B",8.70508954627439,0
"A757338B",4.87482154276222,0
"A828457B",4.50441934866831,0
"A937050B",9.52869867207482,0
"A257186B",9.94126551086083,0
"A469610B",0.766981800552458,0
"A514504B",6.43969106022269,0
"A203629B",2.70024338038638,0
"A123793B",3.9295426546596,0
"A596689B",0.624525889288634,0
"A333423B",3.96737625123933,0
"A495938B",2.04563053324819,0
"A223771B",9.07385006546974,0
"A717280B",3.40815474046394,0
"A616422B",8.42670909361914,0
"A696883B",9.14378169225529,0
"A317323B",1.10342852771282,0
"A32296B",0.966117463540286,0
"A283697B",7.67225664807484,0
"A553379B",6.36316509684548,0
"A71143B",4.53321205917746,0
"A752429B",4.01600128505379,0
"A356674B",0.566985618788749,0
"A322333B",4.81176941655576,0
"A584710B",7.84985143924132,0
"A620494B",8.7529666069895,0
"A843086B",5.66800983855501,0
"A823398B",9.93312812410295,0
"A570503B",2.10136698791757,0
"A30248B",0.168568356893957,0
"A87053B",8.01677740179002,0
"A306491B",7.29933040449396,0
"A933425B",2.85621994640678,0
"A206111B",6.27794727683067,0
"A581883B",3.09214833425358,0
"A700293B",9.24428580328822,0
"A169221B",4.52312636421993,0
"A679146B",0.818788800388575,0
"A628427B",9.06056185485795,0
"A609593B",0.0545999314635992,0
"A271205B",6.2224771711044,0
"A507901B",6.20702702086419,0
"A148703B",8.88234698213637,0
"A634850B",3.61862289253622,0
"A615023B",1.77423520712182,0
"A51004B",4.14335792185739,0
"A428202B",2.97380567295477,0
"A913481B",7.6042899210006,0
"A593898B",1.47678450681269,0
"A663522B",0.802357050124556,0
"A883373B",9.45785612333566,0
"A166155B",9.48262719204649,0
"A401805B",4.20055287890136,0
"A970152B",6.19382227305323,0
"A819316B",6.52295740088448,0
"A967375B",8.03511131089181,0
"A555352B",8.57068967539817,0
"A819947B",3.19421909982339,0
"A562809B",9.74402833497152,0
"A346703B",0.838289270177484,0
"A617655B",8.1571731576696,0
"A716978B",8.72087469091639,0
"A1225B",4.65497630648315,0
"A464034B",5.77751455595717,0
"A706361B",8.30249914433807,0
"A546307B",3.60326026100665,0
"A128429B",6.68426371878013,0
"A225332B",5.83970845676959,0
"A705988B",9.22060968587175,0
"A367803B",1.22745525091887,0
"A103718B",2.03600632958114,0
"A44191B",5.93838195316494,0
"A378332B",4.90129339275882,0
"A620346B",2.04058575443923,0
"A134713B",3.45681195845827,0
"A603632B",3.49932698532939,0
"A642403B",9.07288167392835,0
"A26685B",8.09380789287388,0
"A133056B",8.31648014485836,0
"A722901B",9.62621933082119,0
"A219552B",1.55746774282306,0
"A697012B",1.02030606241897,0
"A43257B",6.37340077431872,0
"A916660B",2.10753803141415,0
"A688735B",7.4108401290141,0
"A463238B",7.30741631239653,0
"A777049B",4.33447840390727,0
"A374658B",0.251998170278966,0
"A328633B",5.65912186633795,0
"A875579B",0.119375875219703,0
"A6342B",8.43611726537347,0
"A487474B",5.84855688735843,0
"A323238B",4.50201394036412,0
"A683028B",7.39115390228108,0
"A238328B",0.553605477325618,0
"A163507B",0.490894506219774,0
"A171195B",0.114968945272267,0
"A541862B",0.44950108975172,0
"A720542B",1.12859222106636,0
"A935640B",4.4287492823787,0
"A234120B",7.00317612383515,0
"A595600B",9.11797672277316,0
"A73974B",7.13838635012507,0
"A836389B",8.63756897626445,0
"A804284B",6.48960134247318,0
"A20206B",2.46557235252112,0
"A514278B",0.764055717736483,0
"A829917B",3.70516388211399,0
"A97611B",5.64140604110435,0
"A841683B",6.95597901707515,0
"A123030B",7.11244066944346,0
"A729743B",6.667657319922,0
"A352684B",9.27424378227443,0
"A205600B",3.50396846188232,0
"A749745B",7.98083691392094,0
"A894730B",3.10478034662083,0
"A338386B",1.55383473960683,0
"A844531B",1.37344917515293,0
"A462485B",4.67587573453784,0
"A627648B",5.60961510520428,0
"A50553B",0.911673826631159,0
"A745980B",4.7223024093546,0
"A732951B",8.06087332079187,0
"A496909B",1.99438518844545,0
"A79525B",8.56419773073867,0
"A611182B",8.26385412598029,0
"A696835B",4.92009911220521,0
"A707613B",3.64988069282845,0
"A526193B",7.6433235197328,0
"A747830B",6.5310698049143,0
"A761436B",4.3992723361589,0
"A673613B",8.18635529372841,0
"A60458B",3.01865654066205,0
"A360847B",3.98946913890541,0
"A593595B",8.22903972119093,0
"A535563B",9.8175058956258,0
"A110930B",0.32111402368173,0
"A619992B",2.94452858390287,0
"A32942B",8.63151719793677,0
"A43598B",6.69458799064159,0
"A514391B",6.9444734044373,0
"A740353B",9.21152610098943,0
"A488652B",3.60102336853743,0
"A472267B",4.92281720740721,0
"A308415B",9.11662603728473,0
"A15970B",9.08747818088159,0
"A951073B",8.8428432890214,0
"A534362B",2.04297810094431,0
"A988820B",2.99310153583065,0
"A838484B",7.3299561208114,0
"A827884B",5.08099868195131,0
"A42408B",0.928891429211944,0
"A484943B",1.09637575922534,0
"A539128B",5.82179044606164,0
"A39288B",4.09073514631018,0
"A14587B",1.20334753766656,0
"A439932B",2.57881672121584,0
"A783234B",2.90643648477271,0
"A273604B",9.59719352656975,0
"A181724B",1.67895700084046,0
"A443557B",2.47089819982648,0
"A99615B",3.24936280725524,0
"A167278B",3.6075314716436,0
"A32614B",4.24256418598816,0
"A970049B",5.00507588265464,0
"A367137B",8.72403116431087,0
"A444559B",2.93345334241167,0
"A563170B",4.30338598787785,0
"A2361B",9.44712860276923,0
"A118974B",1.43322540679947,0
"A62221B",1.11838077194989,0
"A487368B",4.36570446705446,0
"A623595B",5.56591075612232,0
"A289509B",0.922158604953438,0
"A586521B",2.9597305948846,0
"A419125B",2.25405410630628,0
"A700300B",2.45191870490089,0
"A252149B",2.34128176234663,0
"A683940B",4.23067926894873,0
"A10051B",9.73756296327338,0
"A161079B",0.431323435623199,0
"A382707B",9.96545245172456,0
"A712635B",3.05769213708118,0
"A841054B",1.47051170933992,0
"A335903B",3.87676019920036,0
"A37610B",0.577943485695869,0
"A553469B",0.761355739086866,0
"A91636B",7.59555188938975,0
"A524062B",3.40840834425762,0
"A854935B",0.335905968677253,0
"A589576B",7.50218692934141,0
"A61287B",8.08646031422541,0
"A954338B",2.0468028401956,0
"A576226B",3.21188655914739,0
"A450864B",2.01328284107149,0
"A850658B",1.26106488052756,0
"A297031B",2.10674459580332,0
"A419331B",7.10384158417583,0
"A90622B",7.15341470669955,0
"A387713B",5.36606576060876,0
"A513578B",6.32406384451315,0
"A774086B",7.17383914627135,0
"A335523B",0.521741283591837,0
"A695258B",9.23777484800667,0
"A398544B",1.3944998360239,0
"A617002B",0.716570962686092,0
"A828885B",7.45181575417519,0
"A646535B",1.70316976960748,0
"A546563B",0.0466950028203428,0
"A98946B",0.432859954889864,0
"A380627B",2.92381904553622,0
"A143569B",6.98510437039658,0
"A990039B",2.48137570451945,0
"A629629B",1.67704606661573,0
"A151382B",1.66732545243576,0
"A766031B",2.15003669261932,0
"A962895B",0.783210266381502,0
"A105037B",1.9241656945087,0
"A704523B",7.2255810466595,0
"A338160B",1.62692159181461,0
"A586012B",2.28117996361107,0
"A919544B",1.23987180413678,0
"A829537B",8.13507533632219,0
"A741773B",6.4368235389702,0
"A958182B",8.56347916182131,0
"A678362B",8.52094107307494,0
"A218171B",9.74633374018595,0
"A921989B",9.41829517949373,0
"A319770B",7.43946683593094,0
"A964788B",1.49980963673443,0
"A291689B",7.15414925711229,0
"A778527B",3.54198912391439,0
"A200862B",7.10484797600657,0
"A781130B",4.80760652339086,0
"A734879B",8.90511143952608,0
"A778976B",7.32196112163365,0
"A542096B",1.32391559658572,0
"A385079B",2.18934232369065,0
"A813029B",3.90979058109224,0
"A824926B",6.00864223903045,0
"A555585B",5.03799208207056,0
"A854699B",9.12078557303175,0
"A608478B",2.7514713187702,0
"A461991B",2.16988732805476,0
"A343522B",3.36553893517703,0
"A173695B",6.17744170827791,0
"A806041B",5.64395247492939,0
"A596780B",8.69906574254856,0
"A539542B",4.41587053239346,0
"A780641B",4.90145816933364,0
"A959022B",5.95619103172794,0
"A804616B",5.89544353075325,0
"A902273B",2.01371733797714,0
"A857806B",4.99838010175154,0
"A191329B",1.74224665621296,0
"A631795B",5.22076036781073,0
"A748546B",2.00583250261843,0
"A124299B",0.349034301470965,0
"A211477B",0.396065465174615,0
"A207825B",8.94987101200968,0
"A19966B",5.99221793934703,0
"A88386B",6.83555209077895,0
"A371041B",5.50614333711565,0
"A454598B",4.25955203827471,0
"A14777B",6.80763012031093,0
"A419088B",3.63955113338307,0
"A412443B",7.92922852328047,0
"A345096B",3.65648726932704,0
"A852862B",9.56699160160497,0
"A563503B",1.64666986325756,0
"A46105B",6.7744049243629,0
"A887605B",8.31442606635392,0
"A107204B",7.09061277797446,0
"A611605B",4.53048303257674,0
"A916525B",1.10582021065056,0
"A55646B",4.41319914301857,0
"A246093B",3.0699230520986,0
"A22412B",3.0753444833681,0
"A306263B",4.87959030317143,0
"A405102B",7.0971198589541,0
"A481182B",3.27040616190061,0
"A229562B",8.08559129480273,0
"A702540B",5.44497098540887,0
"A599203B",3.41770288534462,0
"A412211B",7.48781493399292,0
"A296975B",7.46973355533555,0
"A279590B",2.24606538657099,0
"A932683B",2.86450937855989,0
"A951603B",5.3351510874927,0
"A392513B",2.53072544699535,0
"A551787B",7.8345890995115,0
"A310923B",1.11446045339108,0
"A882047B",3.46256679622456,0
"A788849B",4.34858228778467,0
"A540069B",7.05790155334398,0
"A951173B",6.0865375213325,0
"A495237B",2.63931066729128,0
"A479306B",8.88091120170429,0
"A217841B",1.95047867484391,0
"A781864B",3.63499186234549,0
"A264619B",1.96476950543001,0
"A705089B",3.79527689889073,0
"A679101B",1.91103522432968,0
"A627952B",3.98162422701716,0
"A390691B",2.03282358590513,0
"A566247B",9.91804179502651,0
"A853519B",5.39320710813627,0
"A837099B",1.26380843343213,0
"A673984B",9.09610190661624,0
"A829971B",5.51816884893924,0
"A276886B",4.84808761859313,0
"A671219B",1.13458340754732,0
"A802994B",4.1157078742981,0
"A256095B",6.03850626386702,0
"A299255B",6.36647299630567,0
"A217159B",5.82199559547007,0
"A360066B",6.574466007296,0
"A800842B",9.10756587516516,0
"A372436B",2.57068417267874,0
"A260306B",8.03151126019657,0
"A690144B",8.12122963601723,0
"A807676B",9.96538999257609,0
"A425686B",5.72579053230584,0
"A474700B",9.6788457268849,0
"A845747B",3.84372352389619,0
"A259940B",4.34673954267055,0
"A138972B",0.525077409110963,0
"A264833B",6.44629385555163,0
"A703838B",6.27706746570766,0
"A13476B",4.0594695485197,0
"A762839B",8.92238437430933,0
"A656588B",0.954967057332397,0
"A6962B",9.22876418102533,0
"A699984B",8.56814980506897,0
"A687298B",5.95101479673758,0
"A399235B",1.66504823602736,0
"A160901B",1.11921085743234,0
"A546545B",6.62286865292117,0
"A123457B",2.62724161613733,0
"A353300B",2.66191496746615,0
"A670658B",0.978041801135987,0
"A104805B",2.90543311275542,0
"A829991B",2.36489672446623,0
"A839086B",6.04710269253701,0
"A532128B",6.62818111712113,0
"A593901B",7.73868712363765,0
"A833247B",3.06395291583613,0
"A54244B",4.99010950792581,0
"A499045B",7.95860691694543,0
"A957175B",4.27998146042228,1
"A157120B",9.13469711784273,0
"A578562B",2.39720659330487,0
"A199592B",2.29524962138385,0
"A234018B",4.33513925876468,0
"A747792B",9.90706678014249,0
"A715242B",2.56256667664275,0
"A788296B",6.08291433658451,0
"A148212B",5.18305449513718,0
"A825265B",5.83702196832746,0
"A798680B",3.31356688402593,0
"A821987B",5.54596735397354,0
"A351795B",8.370506381616,0
"A48225B",5.47683046897873,0
"A920487B",5.38919957587495,0
"A691315B",3.19439539685845,0
"A521021B",8.58972002286464,0
"A555116B",7.52253219252452,0
"A186479B",3.28026634408161,0
"A640298B",8.82148561999202,0
"A75357B",5.55425414349884,0
"A498561B",2.28080211440101,0
"A132569B",1.57921787584201,0
"A695480B",7.65291981166229,0
"A479464B",9.72943014930934,0
"A148240B",3.63644316326827,0
"A647131B",4.76668984396383,0
"A108554B",5.30204258160666,0
"A213313B",2.66439655097201,0
"A587111B",5.52267545834184,0
"A631265B",9.53206528211012,0
"A249304B",2.94731569243595,0
"A992510B",7.68245581770316,0
"A338886B",2.85366734489799,0
"A322452B",2.90872781537473,0
"A417129B",5.32127001555637,0
"A211146B",7.41218575974926,0
"A502151B",2.97623660648242,0
"A918502B",0.96742429304868,0
"A718425B",7.41904465015978,0
"A743610B",1.04140863521025,0
"A283257B",5.61929649207741,0
"A249450B",0.284266469534487,0
"A513761B",1.80708629311994,0
"A643024B",3.28691284637898,0
"A773853B",9.90655906964093,0
"A72153B",5.51762758055702,0
"A716378B",7.00907841324806,0
"A281415B",3.94170329207554,0
"A637257B",2.57313182810321,0
"A719693B",3.99080453906208,0
"A862119B",6.82639017002657,0
"A118580B",3.82414396852255,0
"A139216B",5.20349130500108,0
"A792242B",9.90522165317088,0
"A697133B",3.84895625524223,0
"A489188B",4.52891438733786,0
"A278747B",9.30773856583983,0
"A106610B",2.97219444764778,0
"A49279B",7.63371012173593,0
"A391714B",0.242548037786037,0
"A877595B",4.50148776406422,0
"A772027B",5.07985932985321,0
"A560094B",2.6705995737575,0
"A552984B",5.17129344400018,0
"A977665B",6.3769692578353,0
"A558033B",6.06406528968364,0
"A541709B",9.34094943339005,0
"A177425B",3.12880576588213,0
"A773034B",6.57707335427403,0
"A378960B",2.8229142841883,0
"A418622B",6.39186886604875,0
"A917022B",9.83556947438046,0
"A352630B",0.459547897335142,0
"A822119B",9.28157846210524,0
"A82851B",2.88387932348996,0
"A989324B",4.49343008222058,0
"A733856B",5.80008022021502,0
"A367312B",2.68419771455228,0
"A65885B",6.85281670885161,0
"A992287B",1.74224165035412,0
"A497406B",6.79244763217866,0
"A650845B",0.679568334016949,0
"A492309B",7.09780592238531,0
"A775155B",7.35035772668198,0
"A42837B",7.98003180650994,0
"A177429B",7.45205444283783,0
"A305012B",1.83624088298529,0
"A932542B",1.14453352987766,0
"A319713B",1.71471006702632,0
"A298069B",7.89242159342393,0
"A883081B",2.64974441612139,0
"A439717B",9.09377771895379,0
"A214553B",9.8837573104538,0
"A782260B",4.45551433833316,0
"A717950B",5.32982800155878,0
"A390481B",6.02947680046782,0
"A892315B",9.65151376323774,0
"A481180B",1.90124329645187,0
"A615785B",2.3714563716203,0
"A248573B",6.49391851387918,0
"A482180B",2.16364543652162,0
"A328577B",3.94172532018274,0
"A258994B",1.9944062596187,0
"A690944B",2.98518582712859,0
"A147220B",9.47706551523879,0
"A11936B",6.54921915149316,0
"A810989B",5.81589833600447,0
"A946841B",4.45260444190353,0
"A684720B",7.10050984285772,0
"A337226B",8.94899877719581,0
"A530434B",0.188805293291807,0
"A231089B",3.08821587823331,0
"A602127B",6.32726205745712,0
"A869173B",9.51019661035389,1
"A106588B",9.80755436001346,0
"A629486B",5.81022932194173,0
"A225845B",1.38150706421584,0
"A878360B",7.83072330057621,0
"A389412B",2.52471496118233,0
"A444383B",6.22958661289886,0
"A721885B",7.43090644711629,0
"A73819B",5.56849227054045,0
"A367393B",2.11031862301752,0
"A45340B",1.33589729433879,0
"A154424B",2.73928718874231,0
"A935136B",8.95420011365786,0
"A833287B",1.76777074346319,0
"A3843B",2.87247874774039,0
"A713564B",1.58777465345338,0
"A355580B",6.00190774071962,0
"A736534B",1.36067640269175,0
"A891297B",4.14215353550389,0
"A761198B",5.13077214825898,0
"A331322B",5.66837267018855,0
"A436719B",0.388026398140937,0
"A117938B",7.09388009272516,0
"A114207B",3.57185224769637,0
"A203368B",4.80663089780137,0
"A637136B",7.36518854741007,0
"A219154B",4.32209150632843,0
"A211950B",7.36373321851715,0
"A168586B",3.31646435894072,0
"A380217B",1.72076663933694,0
"A807870B",7.42541756015271,0
"A203469B",7.92845533695072,0
"A787003B",8.84121533948928,0
"A803067B",1.8040913506411,0
"A112298B",2.55387704120949,0
"A771155B",7.83658697269857,0
"A89321B",0.322112520225346,0
"A296552B",9.48408631840721,0
"A414734B",7.9997704224661,0
"A69638B",2.79845738783479,0
"A152512B",2.24321644753218,0
"A186721B",7.5277500692755,0
"A405955B",1.33906518807635,0
"A447788B",9.55078065162525,0
"A521102B",9.53675330849364,0
"A557968B",4.55422068014741,0
"A822882B",6.16949565941468,0
"A39009B",0.878699494060129,0
"A996238B",2.63504956150427,0
"A933261B",4.63375760009512,0
"A813111B",0.0963776861317456,0
"A493180B",7.5426903180778,0
"A286540B",1.74144586548209,0
"A912584B",7.3726670932956,0
"A79546B",7.77885829098523,0
"A950034B",9.06555099179968,0
"A336900B",1.54356664279476,0
"A109377B",2.54585650749505,0
"A339338B",4.20346283353865,0
"A852671B",7.58658909238875,0
"A857405B",2.37892652628943,0
"A518763B",8.66683328524232,0
"A555773B",5.32053828705102,0
"A42236B",0.543041487690061,0
"A577220B",7.86844742484391,0
"A958064B",8.8132533011958,0
"A91054B",1.30458167986944,0
"A478623B",3.62370491726324,0
"A408320B",8.48605412757024,0
"A397455B",8.08983664494008,0
"A437706B",3.60782562755048,0
"A758046B",6.75797249656171,0
"A443962B",3.69736629538238,0
"A410094B",1.95654592011124,0
"A254275B",9.36602961504832,0
"A337814B",4.96111801592633,0
"A595155B",0.339942614082247,0
"A558366B",4.99972807941958,0
"A214976B",9.1872443142347,0
"A619291B",7.89825502084568,0
"A2244B",2.16219890164211,0
"A522009B",5.82747267559171,0
"A546386B",8.53391516255215,0
"A29699B",5.33807950560004,0
"A506082B",7.89844593964517,0
"A472735B",7.39709089510143,0
"A943774B",4.71360042691231,0
"A317471B",0.920011692214757,0
"A939276B",7.93287751963362,0
"A338233B",1.43640220863745,0
"A802269B",7.73447759449482,1
"A744006B",8.56795743340626,0
"A500713B",2.45111671742052,0
"A812005B",9.73740983055905,0
"A12044B",3.60436789225787,0
"A448789B",6.32409101817757,0
"A649607B",8.68933943798766,0
"A415428B",4.10530411638319,0
"A612106B",5.06905686575919,0
"A970092B",2.34590637031943,0
"A867155B",1.4764096448198,0
"A479538B",3.9770015119575,0
"A10420B",2.6925308839418,0
"A963176B",9.98255564132705,0
"A30225B",4.60140261799097,0
"A306432B",0.559129586908966,0
"A860140B",5.57209182996303,0
"A65038B",9.26112662767991,0
"A960784B",0.640896391123533,0
"A948910B",0.675709859933704,0
"A509977B",9.50072610052302,0
"A638409B",0.160602068062872,0
"A423923B",3.94090480171144,0
"A639420B",1.53997181216255,0
"A881096B",3.5403788019903,0
"A504085B",4.48234257288277,0
"A298035B",0.920597820077091,0
"A168863B",3.39540229178965,0
"A504306B",1.26404154812917,0
"A331410B",6.24545220518485,0
"A952134B",2.37867782823741,0
"A286577B",0.407385914586484,0
"A753450B",5.69146854802966,0
"A481834B",2.58524745004252,0
"A751719B",5.48131432151422,0
"A276675B",2.40068968152627,0
"A824208B",1.73162474995479,0
"A838750B",3.13811298692599,0
"A376046B",6.05358437635005,0
"A313039B",9.98904466163367,0
"A615384B",0.509562366642058,0
"A185789B",2.9497604444623,0
"A641707B",7.48120839009061,0
"A331754B",8.58464702498168,0
"A241561B",5.38474267581478,0
"A801439B",7.62573136715218,0
"A1444B",4.1164120985195,0
"A933024B",5.60203005094081,0
"A375362B",6.24629320576787,0
"A48359B",0.512694087810814,0
"A484129B",9.97572858352214,0
"A824007B",0.269787318538874,0
"A682662B",3.05943662067875,0
"A457925B",9.84471611911431,0
"A593257B",8.64527120254934,1
"A547503B",9.31189693976194,0
"A805895B",1.1165858572349,0
"A111620B",2.51126736635342,0
"A957054B",7.88218322210014,0
"A23330B",0.161305095534772,0
"A186721B",6.92417851416394,0
"A921784B",3.64003573544323,0
"A258713B",1.47993341786787,0
"A885269B",0.0537081668153405,0
"A363025B",8.16063756356016,0
"A541288B",5.12837072368711,0
"A910710B",4.26675744121894,0
"A459469B",2.96292534098029,0
"A522342B",5.99544662749395,0
