"age","gender","treatment","outcome","age_group","gender_numeric","estimated_HTE"
48,"Male",1,47,"Older",1,1.66626539857603
32,"Male",0,35,"Younger",1,8.24538086308649
31,"Female",1,66,"Younger",0,7.53734280615484
20,"Male",0,51,"Younger",1,7.15879285355582
59,"Female",1,49,"Older",0,2.29026753906144
60,"Male",1,64,"Older",1,1.63678168876102
54,"Male",1,64,"Older",1,2.50978642767224
31,"Female",1,67,"Younger",0,7.31323372436739
42,"Male",0,61,"Younger",1,8.31148115353388
43,"Male",1,62,"Younger",1,5.69873288085983
44,"Female",1,48,"Younger",0,2.9237297180834
22,"Female",1,65,"Younger",0,8.78876163972492
44,"Male",0,73,"Younger",1,3.88811566066486
45,"Female",0,68,"Older",0,2.62780694108515
26,"Male",1,55,"Younger",1,7.64730823647662
46,"Male",0,58,"Older",1,0.785863135958619
52,"Male",0,59,"Older",1,3.57575441338266
25,"Male",0,52,"Younger",1,6.66591315010492
43,"Male",1,50,"Younger",1,5.97200910201321
24,"Female",1,53,"Younger",0,7.12908497635391
59,"Female",0,25,"Older",0,1.74550424271472
26,"Female",1,50,"Younger",0,6.42408363118676
36,"Male",1,46,"Younger",1,8.95373925832464
53,"Female",1,54,"Older",0,5.67685911677979
31,"Female",1,61,"Younger",0,7.31234721157344
34,"Male",0,46,"Younger",1,7.91985394348043
60,"Male",0,54,"Older",1,1.98326720272809
56,"Male",1,38,"Older",1,4.3091168191174
29,"Male",1,53,"Younger",1,9.67738532808757
32,"Male",0,56,"Younger",1,8.66577687109059
49,"Female",0,52,"Older",0,3.91172914113765
59,"Female",1,56,"Older",0,2.18330518229662
62,"Male",0,37,"Older",1,0.838429297056148
24,"Female",1,51,"Younger",0,7.0866084744041
26,"Male",1,68,"Younger",1,7.49657862134226
58,"Male",1,63,"Older",1,4.36135885422435
27,"Female",1,58,"Younger",0,6.21302852964343
40,"Male",1,78,"Younger",1,9.07742279296141
44,"Male",0,67,"Younger",1,3.8361930532234
24,"Male",0,50,"Younger",1,5.09900598477238
44,"Female",0,53,"Younger",0,2.87179661364741
49,"Female",0,61,"Older",0,4.04161830173021
55,"Female",1,43,"Older",0,6.40717040415885
42,"Female",0,54,"Younger",0,5.82859923372754
51,"Female",1,59,"Older",0,4.30808132352781
46,"Female",0,57,"Older",0,1.67392470127851
22,"Male",1,59,"Younger",1,4.37976267589095
25,"Female",1,66,"Younger",0,6.22318645296544
29,"Female",0,44,"Younger",0,8.06103665844085
30,"Male",0,56,"Younger",1,9.31705550714856
35,"Male",0,58,"Younger",1,8.30295186332883
50,"Male",0,75,"Older",1,3.24272982110334
44,"Female",1,57,"Younger",0,2.85240599473754
42,"Male",1,58,"Younger",1,7.9910467300239
55,"Male",0,25,"Older",1,3.38823118673297
38,"Male",0,59,"Younger",1,9.02670352554315
32,"Male",0,56,"Younger",1,8.61981764398257
58,"Female",0,37,"Older",0,1.94504124968952
64,"Male",1,41,"Older",1,1.18083413824049
43,"Female",0,54,"Younger",0,4.28913669647614
48,"Male",1,41,"Older",1,1.59744767786926
33,"Female",1,50,"Younger",0,7.10057721091436
47,"Male",1,35,"Older",1,0.705686547774802
23,"Female",1,43,"Younger",0,8.36958104227698
60,"Female",0,49,"Older",0,2.10402436143344
25,"Male",0,41,"Younger",1,6.69730213088809
39,"Female",0,38,"Younger",0,7.72158189342136
39,"Male",0,36,"Younger",1,8.79336903484917
56,"Female",0,39,"Older",0,3.13623542091267
48,"Female",0,43,"Older",0,3.05874428022853
65,"Male",1,53,"Older",1,0.948749217476003
34,"Male",0,47,"Younger",1,7.83120040717567
51,"Female",0,47,"Older",0,4.47818560143376
21,"Male",0,67,"Younger",1,5.96583011223385
30,"Male",1,51,"Younger",1,9.28721770805693
22,"Female",0,49,"Younger",0,8.85404276858233
42,"Male",1,50,"Younger",1,8.3492676834379
39,"Male",1,64,"Younger",1,8.82130751898224
42,"Male",0,57,"Younger",1,8.25419869681033
49,"Female",1,67,"Older",0,3.63389551263918
63,"Female",1,45,"Older",0,3.21411080057071
42,"Male",0,53,"Younger",1,8.26605148962648
40,"Male",1,52,"Younger",1,9.72796276802898
52,"Female",1,33,"Older",0,5.1215388093322
57,"Female",1,58,"Older",0,2.69662093043659
65,"Male",1,51,"Older",1,1.10879056121583
47,"Male",0,40,"Older",1,0.220494954001024
29,"Male",1,70,"Younger",1,9.51821056280256
48,"Female",0,44,"Older",0,3.25677172759313
63,"Female",0,68,"Older",0,3.44748861508705
47,"Female",0,49,"Older",0,2.17974538385802
52,"Female",0,34,"Older",0,4.372069819983
31,"Female",0,64,"Younger",0,7.90805030251554
46,"Male",0,58,"Older",1,0.80733791844328
49,"Male",1,35,"Older",1,2.61089037043177
24,"Male",1,46,"Younger",1,5.34496348159065
20,"Male",0,54,"Younger",1,6.94347571251792
40,"Male",1,60,"Younger",1,9.57681821873461
32,"Female",0,40,"Younger",0,7.05036698134283
38,"Male",1,63,"Younger",1,8.66031633121245
54,"Female",1,48,"Older",0,6.09776239517836
25,"Male",0,55,"Younger",1,6.99612300366851
27,"Female",0,52,"Younger",0,6.03122487569768
59,"Female",0,70,"Older",0,2.66930634614163
61,"Male",1,48,"Older",1,1.37241702529532
51,"Female",1,58,"Older",0,4.28554598607266
27,"Male",1,37,"Younger",1,8.55940198735061
39,"Male",1,48,"Younger",1,9.14644410871966
29,"Male",1,61,"Younger",1,9.66474121074586
37,"Male",0,38,"Younger",1,8.56728128631071
63,"Female",1,54,"Older",0,2.95404824630463
34,"Male",1,56,"Younger",1,8.11943638811696
63,"Female",1,58,"Older",0,3.00020463411171
52,"Male",0,45,"Older",1,3.15767925018192
57,"Male",1,56,"Older",1,4.67066911602113
63,"Female",0,29,"Older",0,2.69214155432507
47,"Female",0,41,"Older",0,1.87820267865456
32,"Male",0,59,"Younger",1,8.52773530684198
41,"Female",1,61,"Younger",0,7.02254293608286
40,"Male",0,46,"Younger",1,9.51355583102352
60,"Male",1,29,"Older",1,2.75305548418002
24,"Male",1,72,"Younger",1,4.60359745919419
46,"Female",0,40,"Older",0,1.59106024443413
32,"Male",1,72,"Younger",1,8.41808928104471
40,"Female",1,48,"Younger",0,8.99655242551571
43,"Female",1,62,"Younger",0,4.14787993255126
55,"Female",1,59,"Older",0,5.57959531079106
63,"Female",1,41,"Older",0,3.43976115820016
49,"Female",1,63,"Older",0,3.72114169364183
24,"Female",1,65,"Younger",0,6.64771287079013
44,"Male",1,56,"Younger",1,3.31491828486613
59,"Male",1,70,"Older",1,3.32091427646766
22,"Female",1,60,"Younger",0,8.72593452512935
23,"Male",0,45,"Younger",1,4.33910673149394
33,"Male",0,45,"Younger",1,8.28932948736866
41,"Male",0,68,"Younger",1,9.32521570117333
49,"Male",1,55,"Older",1,1.94283470629615
38,"Female",0,47,"Younger",0,7.67270401863637
28,"Male",1,49,"Younger",1,10.4235298154521
53,"Female",0,45,"Older",0,5.49358456596891
61,"Male",0,37,"Older",1,0.993714720488782
63,"Female",1,40,"Older",0,3.30948073933492
36,"Male",1,58,"Younger",1,8.65833992030841
42,"Female",0,50,"Younger",0,5.60124598545182
56,"Male",1,40,"Older",1,4.24400266491961
43,"Female",1,61,"Younger",0,4.15378630216445
26,"Female",1,66,"Younger",0,6.22683637940572
24,"Female",1,82,"Younger",0,6.4364804219032
51,"Female",1,63,"Older",0,4.28012542563824
65,"Male",0,36,"Older",1,0.865118611804127
30,"Male",0,31,"Younger",1,8.9975850893023
36,"Female",0,50,"Younger",0,7.04333791755474
64,"Female",0,55,"Older",0,2.78293108754976
56,"Female",1,61,"Older",0,2.96858059808597
21,"Male",1,61,"Younger",1,5.54542782564645
18,"Female",1,42,"Younger",0,9.7735592206038
57,"Male",0,56,"Older",1,4.87944947010946
47,"Male",0,10,"Older",1,-0.414172980502397
47,"Male",0,46,"Older",1,0.335792509897005
42,"Male",1,54,"Younger",1,8.21888726768403
33,"Male",0,37,"Younger",1,8.06480595772947
41,"Female",1,60,"Younger",0,7.1133298175734
28,"Male",1,53,"Younger",1,10.3958403110823
65,"Male",0,52,"Older",1,1.25336731788501
37,"Female",0,33,"Younger",0,6.92800444961528
57,"Female",0,35,"Older",0,2.5002255325074
20,"Male",0,31,"Younger",1,6.44768786128964
46,"Male",1,44,"Older",1,0.531798318995861
53,"Female",1,61,"Older",0,5.55015912533056
61,"Female",1,49,"Older",0,2.08271383790209
39,"Female",0,50,"Younger",0,8.06071505422978
59,"Male",1,53,"Older",1,4.16546797960753
37,"Female",1,49,"Younger",0,7.31139554476449
28,"Male",1,48,"Younger",1,10.5683155578259
25,"Male",0,27,"Younger",1,6.0775790174294
63,"Male",0,59,"Older",1,1.63889109656511
38,"Male",0,63,"Younger",1,9.20402995196838
62,"Female",0,54,"Older",0,2.45427263002891
19,"Female",0,62,"Younger",0,9.81969357787103
60,"Male",0,45,"Older",1,1.70441537271525
30,"Male",0,30,"Younger",1,9.07145133366341
63,"Female",0,60,"Older",0,3.3129055292744
23,"Female",0,37,"Younger",0,7.54240508890529
25,"Male",1,48,"Younger",1,6.99604910722065
61,"Male",0,48,"Older",1,1.3260753291627
49,"Female",1,43,"Older",0,3.90821818475366
53,"Male",0,41,"Older",1,2.47201558843986
62,"Male",0,54,"Older",1,1.30142391904322
31,"Female",0,51,"Younger",0,7.45985816003061
33,"Male",0,67,"Younger",1,8.59565684720975
40,"Male",1,66,"Younger",1,9.47848602290886
50,"Male",0,38,"Older",1,2.4011482546566
57,"Male",1,50,"Older",1,4.76478884606684
57,"Male",1,58,"Older",1,4.50825064640383
27,"Female",0,78,"Younger",0,6.75025550972482
42,"Male",0,55,"Younger",1,7.99468668242526
25,"Female",0,82,"Younger",0,6.93561385414546
35,"Female",0,62,"Younger",0,7.32709504287329
26,"Female",1,71,"Younger",0,6.05998542637552
24,"Male",1,33,"Younger",1,5.64363298353362
24,"Female",1,71,"Younger",0,6.6276960578941
27,"Male",1,64,"Younger",1,7.78180763507038
41,"Female",0,60,"Younger",0,7.51560953319308
40,"Female",0,49,"Younger",0,8.97705292920459
43,"Male",1,65,"Younger",1,5.56801046110309
60,"Male",0,56,"Older",1,2.15008825715562
50,"Male",0,55,"Older",1,2.90393009762274
46,"Female",0,64,"Older",0,2.02382472842997
27,"Female",0,55,"Younger",0,6.09782545192347
30,"Male",1,35,"Younger",1,9.86113067819567
60,"Male",0,52,"Older",1,2.1508179678344
28,"Female",1,59,"Younger",0,7.49156136933129
42,"Female",1,65,"Younger",0,5.43069002548144
43,"Male",0,47,"Younger",1,5.90289669437212
24,"Male",1,47,"Younger",1,5.24239288153335
42,"Female",0,36,"Younger",0,5.33849810300226
40,"Female",1,50,"Younger",0,9.03495311665954
43,"Female",0,41,"Younger",0,3.85710734696471
49,"Male",0,43,"Older",1,2.16229257968558
37,"Female",0,48,"Younger",0,7.2550215008594
41,"Female",1,38,"Younger",0,7.62778499551895
26,"Male",0,66,"Younger",1,8.04871025419414
58,"Male",1,47,"Older",1,4.67524402907983
54,"Male",1,47,"Older",1,3.10053372304849
40,"Male",1,69,"Younger",1,9.53414038494326
31,"Male",0,50,"Younger",1,8.5259691349935
63,"Female",1,68,"Older",0,2.58565818401947
23,"Female",1,38,"Younger",0,8.33266951374216
44,"Male",0,52,"Younger",1,3.37504324741133
18,"Male",0,62,"Younger",1,8.21918919827217
43,"Male",0,39,"Younger",1,5.54059062747803
59,"Male",0,50,"Older",1,3.89737862068246
34,"Female",1,59,"Younger",0,6.91717392781093
46,"Female",1,42,"Older",0,1.93566576713428
43,"Female",0,54,"Younger",0,4.10919353463474
44,"Male",0,57,"Younger",1,3.608714374633
38,"Female",1,79,"Younger",0,7.33769636593906
24,"Male",1,43,"Younger",1,5.29306212530442
43,"Male",0,49,"Younger",1,5.96962475627789
58,"Female",1,48,"Older",0,2.14707465063509
37,"Male",1,54,"Younger",1,8.68495112607447
23,"Male",1,42,"Younger",1,4.34779479661819
47,"Female",0,53,"Older",0,2.23615642017168
48,"Male",0,45,"Older",1,1.35211608893418
46,"Male",0,47,"Older",1,0.361914498268551
34,"Female",1,56,"Younger",0,6.73326907328862
54,"Male",1,54,"Older",1,2.74572745021685
37,"Female",1,45,"Younger",0,7.36363341335498
52,"Male",0,46,"Older",1,3.08188298577462
42,"Male",0,42,"Younger",1,8.00753082582475
63,"Female",0,34,"Older",0,2.68906031575503
50,"Female",0,48,"Older",0,3.6552832714818
19,"Male",0,33,"Younger",1,7.3034797876062
21,"Female",0,53,"Younger",0,9.13196814789935
27,"Male",0,55,"Younger",1,8.11087613202532
50,"Female",0,63,"Older",0,4.03129587537697
22,"Female",1,61,"Younger",0,8.93587473772311
42,"Male",1,56,"Younger",1,8.0462123545908
25,"Male",1,60,"Younger",1,6.923623520748
42,"Male",0,38,"Younger",1,7.6393079589005
38,"Female",0,60,"Younger",0,7.917556350369
62,"Male",0,53,"Older",1,1.2582093020013
35,"Male",0,51,"Younger",1,8.34065746797178
59,"Female",1,55,"Older",0,2.22652200682106
48,"Male",1,40,"Older",1,1.57872772154669
23,"Female",1,47,"Younger",0,8.1283409979572
24,"Male",0,48,"Younger",1,5.22100128630928
58,"Male",0,58,"Older",1,4.92443611956608
65,"Male",0,41,"Older",1,1.06130148786903
34,"Female",0,71,"Younger",0,7.4118194050792
62,"Female",1,48,"Older",0,2.4401935052992
45,"Female",1,44,"Older",0,2.44352804033248
57,"Female",0,34,"Older",0,2.18562435476169
24,"Female",0,49,"Younger",0,6.6498947011425
37,"Male",0,54,"Younger",1,8.86090784008763
35,"Female",1,62,"Younger",0,7.006779818051
46,"Male",1,23,"Older",1,1.06686377924474
34,"Female",1,52,"Younger",0,7.05188866444748
50,"Male",1,44,"Older",1,2.96417265791597
19,"Male",0,57,"Younger",1,7.88491504992522
19,"Male",0,37,"Younger",1,7.4486893675676
30,"Female",0,42,"Younger",0,7.88037870706844
41,"Male",1,66,"Younger",1,8.83310913765901
20,"Female",1,66,"Younger",0,9.26504794850045
35,"Male",0,58,"Younger",1,8.6043269810385
19,"Male",0,52,"Younger",1,7.98629901521606
54,"Female",1,71,"Older",0,5.71392924798109
29,"Female",1,58,"Younger",0,8.23324238870445
30,"Male",0,39,"Younger",1,9.06103234482408
59,"Male",0,79,"Older",1,4.45283038698019
23,"Male",0,60,"Younger",1,4.2482653460094
59,"Male",1,66,"Older",1,3.49559664886026
59,"Male",1,51,"Older",1,4.38515279548483
55,"Female",0,51,"Older",0,5.6943333273328
65,"Female",0,47,"Older",0,2.47936477786168
33,"Male",1,74,"Younger",1,7.96670532262947
52,"Female",0,45,"Older",0,4.70712652955746
53,"Female",0,48,"Older",0,5.58713719377274
44,"Female",0,49,"Younger",0,2.77115105158264
44,"Female",0,56,"Younger",0,3.03253266100593
52,"Male",1,60,"Older",1,3.04277500726129
40,"Male",0,32,"Younger",1,9.02816715909854
20,"Male",0,45,"Younger",1,6.85969276266965
48,"Female",1,51,"Older",0,3.40633936373486
65,"Female",1,26,"Older",0,3.2058677830533
19,"Male",1,68,"Younger",1,7.82649259459628
64,"Female",1,53,"Older",0,2.60097368064955
40,"Male",1,45,"Younger",1,9.90226158834908
20,"Male",1,51,"Younger",1,7.2609517048151
26,"Male",1,63,"Younger",1,7.56728108737726
56,"Female",1,48,"Older",0,3.61313784697682
47,"Female",1,32,"Older",0,2.63166497308297
48,"Female",0,45,"Older",0,3.1646063635478
47,"Female",0,48,"Older",0,2.10607105398139
26,"Female",0,58,"Younger",0,6.4846456562812
53,"Male",0,68,"Older",1,2.96779198201092
51,"Male",0,37,"Older",1,3.00261901698184
39,"Female",0,59,"Younger",0,8.20657709089517
61,"Male",0,57,"Older",1,1.23834590035123
58,"Female",1,32,"Older",0,2.48760212040956
45,"Female",1,32,"Older",0,2.57474738423375
46,"Male",0,38,"Older",1,0.541618134674827
60,"Female",1,41,"Older",0,2.52573175232809
56,"Male",0,61,"Older",1,4.32259042643477
62,"Male",1,41,"Older",1,1.37559571624303
54,"Female",1,69,"Older",0,5.76279725654238
60,"Male",0,45,"Older",1,1.86382605736768
50,"Female",1,38,"Older",0,4.18877561354393
36,"Male",1,43,"Younger",1,9.07057323195658
29,"Female",0,62,"Younger",0,8.47992565533755
51,"Male",1,53,"Older",1,3.2855507789698
38,"Female",1,64,"Younger",0,7.67023623242548
34,"Male",0,44,"Younger",1,7.74064331455851
29,"Female",1,68,"Younger",0,7.96956634345269
47,"Male",0,54,"Older",1,0.479394004045174
52,"Female",1,43,"Older",0,4.85910933578799
47,"Male",1,48,"Older",1,0.329140711229688
42,"Male",0,42,"Younger",1,7.81775196356764
64,"Male",0,41,"Older",1,0.87861486040862
20,"Female",1,74,"Younger",0,8.97188437229863
35,"Male",1,49,"Younger",1,8.50125201755795
49,"Female",0,46,"Older",0,3.50546046026378
34,"Male",0,35,"Younger",1,7.70004582788895
55,"Female",0,59,"Older",0,6.26333801539642
59,"Female",0,62,"Older",0,2.61177612553999
57,"Female",1,55,"Older",0,2.71598214349364
59,"Male",0,65,"Older",1,4.08783957179715
49,"Male",1,40,"Older",1,2.43135156939598
43,"Male",1,49,"Younger",1,6.267645758705
30,"Female",0,42,"Younger",0,7.97986473710035
37,"Male",1,39,"Younger",1,9.14457323399659
55,"Female",0,46,"Older",0,5.77934632209801
37,"Male",1,49,"Younger",1,8.8830767495245
46,"Male",0,64,"Older",1,0.849955897334146
37,"Female",0,63,"Younger",0,7.36752293766156
47,"Male",1,80,"Older",1,-0.341778882353301
58,"Male",0,57,"Older",1,5.03787665843182
65,"Male",1,42,"Older",1,1.63834356510564
25,"Female",1,64,"Younger",0,6.43949603890277
56,"Male",0,65,"Older",1,4.43833477375882
27,"Female",0,64,"Younger",0,6.34519151016207
34,"Female",1,69,"Younger",0,6.60582471762532
35,"Female",0,43,"Younger",0,7.04879931354478
57,"Female",0,42,"Older",0,2.57602180901556
59,"Male",0,54,"Older",1,3.76398442737948
28,"Male",1,74,"Younger",1,9.99432423756744
61,"Male",0,46,"Older",1,1.14278054516969
19,"Female",1,68,"Younger",0,9.34973722822842
36,"Male",1,54,"Younger",1,8.81354299801759
30,"Female",0,41,"Younger",0,7.97971171717013
30,"Female",0,43,"Younger",0,7.96185827877126
48,"Male",1,77,"Older",1,0.80326594523125
47,"Male",0,43,"Older",1,0.416362315927862
39,"Female",1,57,"Younger",0,7.82865684969452
47,"Female",0,52,"Older",0,2.12569765653629
27,"Female",0,36,"Younger",0,6.13775920602114
33,"Male",1,50,"Younger",1,8.56671301797904
22,"Female",1,43,"Younger",0,8.9428244902732
53,"Female",1,64,"Older",0,5.18431889639732
50,"Male",0,60,"Older",1,2.99598543200183
33,"Female",0,50,"Younger",0,6.99862319682454
45,"Male",0,45,"Older",1,2.08594605019183
29,"Male",1,63,"Younger",1,9.62481664991883
45,"Male",1,58,"Older",1,1.91485264960123
19,"Female",0,61,"Younger",0,9.80774486103822
29,"Female",0,59,"Younger",0,8.40282640080862
64,"Male",1,54,"Older",1,1.20713334929965
23,"Male",0,48,"Younger",1,3.97013517797368
33,"Male",1,44,"Younger",1,8.62876840856743
32,"Female",1,44,"Younger",0,7.49501662728347
36,"Female",1,37,"Younger",0,7.49524978880186
20,"Female",0,53,"Younger",0,9.18800379918497
63,"Female",0,59,"Older",0,3.44987766484385
50,"Male",1,46,"Older",1,3.09528152783676
50,"Female",1,47,"Older",0,3.80448512837086
65,"Female",1,56,"Older",0,2.55797479381198
28,"Male",1,40,"Younger",1,10.744396458695
53,"Male",1,53,"Older",1,2.61831846293285
61,"Female",0,52,"Older",0,2.02373264943199
62,"Male",1,62,"Older",1,0.863111172716042
27,"Male",0,59,"Younger",1,8.12251378263357
59,"Male",0,46,"Older",1,3.8550633643421
41,"Male",1,65,"Younger",1,8.90588365216185
45,"Male",1,46,"Older",1,2.35645074800871
56,"Male",1,57,"Older",1,3.90948660028551
35,"Male",0,50,"Younger",1,8.27034594210186
34,"Male",1,67,"Younger",1,7.84815234209852
37,"Female",1,49,"Younger",0,7.47443939632657
26,"Female",0,67,"Younger",0,6.60010088593215
28,"Male",0,46,"Younger",1,9.81638313981022
61,"Male",1,10,"Older",1,2.35017617118118
25,"Male",1,64,"Younger",1,6.51345650766598
22,"Female",0,69,"Younger",0,9.24841615434772
46,"Female",1,74,"Older",0,1.04082434070958
23,"Female",1,71,"Younger",0,7.72160314502308
27,"Male",1,40,"Younger",1,8.35384624585071
43,"Male",0,59,"Younger",1,6.4192985796462
26,"Male",1,82,"Younger",1,7.23603980647669
28,"Female",1,67,"Younger",0,7.4292399084331
23,"Male",0,46,"Younger",1,4.48816999238231
49,"Male",1,61,"Older",1,1.86113916202399
29,"Female",1,68,"Younger",0,7.86630691002215
36,"Female",0,41,"Younger",0,6.9815759090673
44,"Male",0,66,"Younger",1,3.73251821918256
49,"Female",1,44,"Older",0,3.95352052512901
44,"Male",0,60,"Younger",1,3.66615012865132
47,"Female",0,56,"Older",0,2.15897511278576
21,"Male",1,58,"Younger",1,5.65561119157146
41,"Male",1,57,"Younger",1,8.68757008688356
45,"Male",0,38,"Older",1,1.9118929395626
20,"Male",0,54,"Younger",1,6.69659109902803
63,"Female",1,64,"Older",0,2.89622289980802
57,"Female",1,54,"Older",0,2.77744202345688
23,"Male",0,57,"Younger",1,4.51539915192796
53,"Male",1,44,"Older",1,2.95014331755364
59,"Female",0,51,"Older",0,2.42616079200295
65,"Male",1,49,"Older",1,1.15933669065394
47,"Male",0,62,"Older",1,0.478039906568671
65,"Male",0,54,"Older",1,1.29101023951196
27,"Male",0,53,"Younger",1,8.17935905171167
42,"Male",1,75,"Younger",1,7.69945336220401
55,"Female",0,51,"Older",0,5.92386249450761
53,"Female",0,38,"Older",0,5.43981935971256
58,"Male",1,69,"Older",1,4.3871780129305
42,"Female",1,52,"Younger",0,5.7800058348666
21,"Female",1,62,"Younger",0,9.20012637313272
32,"Male",1,75,"Younger",1,8.25214573309237
39,"Female",1,51,"Younger",0,7.88627817017351
41,"Male",1,74,"Younger",1,8.74496574790982
56,"Male",0,16,"Older",1,3.23420692938644
64,"Female",0,43,"Older",0,2.58524114052494
54,"Female",1,75,"Older",0,5.32189645337403
63,"Male",1,58,"Older",1,1.31272944986828
64,"Female",1,52,"Older",0,2.48561170155277
32,"Female",0,61,"Younger",0,7.42350503266004
33,"Male",0,47,"Younger",1,8.1786233748223
36,"Male",1,55,"Younger",1,8.86144681772062
25,"Male",1,51,"Younger",1,6.91968910541306
48,"Female",0,60,"Older",0,3.62455412686119
54,"Male",0,56,"Older",1,3.06335864671774
56,"Female",0,55,"Older",0,3.54085471803708
65,"Male",0,24,"Older",1,0.421054782304897
33,"Female",0,57,"Younger",0,7.07425250413853
26,"Male",0,48,"Younger",1,7.47239334116302
28,"Male",0,47,"Younger",1,10.2344527014009
60,"Male",0,41,"Older",1,1.86057091591649
47,"Female",0,58,"Older",0,2.36186509165614
27,"Male",1,45,"Younger",1,8.14213654367621
51,"Female",1,48,"Older",0,4.48489415058739
55,"Female",1,72,"Older",0,5.6624015235817
37,"Male",0,26,"Younger",1,8.49171300709832
63,"Male",1,49,"Older",1,1.43283115313189
31,"Male",1,67,"Younger",1,8.54374216338666
23,"Female",0,47,"Younger",0,8.15941365430058
35,"Female",0,36,"Younger",0,6.87893178830082
19,"Male",1,77,"Younger",1,7.23868509674078
25,"Female",1,58,"Younger",0,6.50465471748378
28,"Male",1,40,"Younger",1,10.586424315911
38,"Male",0,53,"Younger",1,8.86993338979216
24,"Male",1,63,"Younger",1,4.76804667126025
40,"Female",0,47,"Younger",0,8.84611965627873
25,"Male",0,50,"Younger",1,6.75611058340855
27,"Female",1,58,"Younger",0,6.32807358793039
54,"Male",1,54,"Older",1,3.10569640830676
34,"Male",1,60,"Younger",1,7.90006668815677
23,"Male",0,43,"Younger",1,4.20881019804151
57,"Male",0,53,"Older",1,4.81368895136674
23,"Female",1,62,"Younger",0,7.80347638574133
64,"Female",0,34,"Older",0,2.21409461087483
45,"Female",0,56,"Older",0,2.35128718278777
49,"Male",0,46,"Older",1,2.32866017935707
52,"Male",1,57,"Older",1,3.17006936308984
45,"Male",1,55,"Older",1,1.93428614511364
64,"Male",1,40,"Older",1,1.03958821075606
37,"Male",0,39,"Younger",1,8.70071363658624
18,"Male",0,48,"Younger",1,7.61767162463513
22,"Female",1,66,"Younger",0,8.45941184850795
28,"Male",1,72,"Younger",1,10.1309226671452
64,"Male",0,72,"Older",1,1.75010802054921
37,"Male",1,54,"Younger",1,8.68145275589645
19,"Female",0,62,"Younger",0,9.8679884753331
65,"Male",1,68,"Older",1,0.576747797838934
27,"Female",1,80,"Younger",0,5.72953469743661
24,"Male",1,56,"Younger",1,5.02281872036559
55,"Male",1,64,"Older",1,3.58344683076058
61,"Male",1,53,"Older",1,1.13755201726216
53,"Male",0,52,"Older",1,2.94610584253057
40,"Male",1,54,"Younger",1,9.71753475266302
51,"Female",0,45,"Older",0,4.59837161828873
41,"Male",1,63,"Younger",1,8.89010439205186
21,"Male",1,55,"Younger",1,5.68020935329336
46,"Male",0,37,"Older",1,0.21651902322641
40,"Female",1,72,"Younger",0,8.56901316051143
28,"Male",1,53,"Younger",1,10.2617084205046
50,"Female",0,51,"Older",0,3.76017923073797
65,"Male",1,36,"Older",1,1.47415880139857
20,"Male",0,56,"Younger",1,7.0555065507074
50,"Male",1,46,"Older",1,3.08964604471915
47,"Female",0,53,"Older",0,2.09160881667443
51,"Female",0,44,"Older",0,4.39936961931721
19,"Female",0,53,"Younger",0,9.63967686310644
57,"Female",1,47,"Older",0,2.89178089329438
37,"Male",0,48,"Younger",1,8.7824130204711
31,"Female",0,37,"Younger",0,7.42977266902439
42,"Female",0,38,"Younger",0,5.40823628638383
62,"Female",1,43,"Older",0,2.49252428430093
24,"Male",0,29,"Younger",1,4.64617708506061
57,"Male",0,42,"Older",1,4.48459176633312
52,"Female",0,41,"Older",0,4.76623875605961
48,"Male",1,51,"Older",1,1.24209901137589
39,"Male",0,51,"Younger",1,9.10114823280327
33,"Female",1,49,"Younger",0,7.14906096225018
39,"Female",0,55,"Younger",0,8.09754326373496
46,"Male",0,37,"Older",1,0.213329244438703
50,"Male",1,50,"Older",1,2.72698605667281
61,"Female",1,55,"Older",0,1.88602152564729
48,"Female",0,38,"Older",0,3.25685722365905
63,"Female",0,57,"Older",0,3.30542278974796
25,"Female",0,51,"Younger",0,6.61259222578989
41,"Male",1,45,"Younger",1,8.94936077674332
47,"Female",0,43,"Older",0,2.05833570472738
40,"Male",1,52,"Younger",1,9.54723276324738
54,"Male",1,33,"Older",1,3.40650519132187
49,"Male",1,41,"Older",1,2.58440252665279
34,"Male",0,59,"Younger",1,8.10571159704852
43,"Male",0,50,"Younger",1,5.96951683975445
60,"Male",0,47,"Older",1,1.92214907852554
40,"Male",0,25,"Younger",1,9.29362543402604
43,"Female",0,35,"Younger",0,3.95063380172823
53,"Male",0,36,"Older",1,2.4631563067668
62,"Male",0,44,"Older",1,1.03113991657186
25,"Male",0,55,"Younger",1,6.87875572463067
32,"Male",0,35,"Younger",1,8.47600377393417
53,"Male",1,44,"Older",1,2.87413971890279
62,"Male",0,53,"Older",1,1.17770759717797
20,"Female",0,45,"Younger",0,9.25636195279686
56,"Female",1,49,"Older",0,3.60176024173599
50,"Male",0,45,"Older",1,2.63148400284514
55,"Female",0,36,"Older",0,5.48789965080265
62,"Female",1,55,"Older",0,1.96968002737605
43,"Female",1,54,"Younger",0,4.37086369327316
45,"Male",1,37,"Older",1,2.67694016212585
43,"Female",0,64,"Younger",0,4.56190505503425
34,"Male",1,50,"Younger",1,8.17926369267853
40,"Male",1,65,"Younger",1,9.24782002071997
55,"Male",1,62,"Older",1,3.89764486623828
27,"Male",0,48,"Younger",1,7.9802815793031
62,"Female",0,56,"Older",0,2.50642141513022
55,"Male",1,70,"Older",1,3.73109105225341
58,"Female",0,48,"Older",0,2.07719755842544
25,"Male",1,44,"Younger",1,6.88576451463725
18,"Female",0,59,"Younger",0,9.66399665717415
33,"Female",1,61,"Younger",0,6.83882505712072
19,"Male",1,61,"Younger",1,7.62628661745197
57,"Female",1,49,"Older",0,2.89939846831169
31,"Female",1,51,"Younger",0,7.67152349407486
29,"Female",0,76,"Younger",0,8.68802607324565
43,"Female",0,52,"Younger",0,4.35003951298013
25,"Female",0,56,"Younger",0,6.6486838471397
58,"Female",0,52,"Older",0,2.01882972608263
25,"Male",0,42,"Younger",1,6.57105911910626
26,"Female",1,33,"Younger",0,6.88617774503755
50,"Female",1,37,"Older",0,4.02492920187734
20,"Female",0,39,"Younger",0,9.19950518579271
57,"Female",1,47,"Older",0,2.74464212276359
19,"Female",1,71,"Younger",0,9.10679282675697
18,"Male",0,60,"Younger",1,8.31573039793715
26,"Female",1,46,"Younger",0,6.63553472425928
24,"Male",1,54,"Younger",1,5.28869372693188
30,"Male",0,64,"Younger",1,9.31952199583265
46,"Female",0,41,"Older",0,1.30726070218167
37,"Female",1,47,"Younger",0,7.5656204540011
31,"Male",1,62,"Younger",1,8.51461737945
33,"Male",1,77,"Younger",1,7.84950420493244
24,"Female",1,64,"Younger",0,6.74173653770654
53,"Female",0,35,"Older",0,5.2151578956102
62,"Female",0,55,"Older",0,2.46618439940248
29,"Female",0,45,"Younger",0,7.81416838103562
42,"Male",1,48,"Younger",1,8.17864749515452
44,"Male",0,55,"Younger",1,3.48371796373749
30,"Female",1,37,"Younger",0,8.28050188550478
37,"Male",0,49,"Younger",1,8.51086575242148
27,"Female",1,57,"Younger",0,6.10512340312699
47,"Male",1,47,"Older",1,0.170391076174017
58,"Male",0,34,"Older",1,4.51148268968581
29,"Female",1,60,"Younger",0,8.05032979068819
25,"Male",1,40,"Younger",1,7.03733820660766
24,"Female",1,83,"Younger",0,6.39605160951951
32,"Male",0,53,"Younger",1,8.74658880731733
36,"Male",0,51,"Younger",1,8.95434445385909
60,"Male",0,52,"Older",1,2.17152902927146
56,"Male",1,52,"Older",1,4.09987264776895
40,"Female",1,75,"Younger",0,8.58988196289911
52,"Female",0,71,"Older",0,5.17663827823227
23,"Female",0,36,"Younger",0,7.72471505905271
24,"Male",1,60,"Younger",1,4.96531659381245
21,"Male",0,39,"Younger",1,5.2617502572894
27,"Female",1,64,"Younger",0,6.08486743144803
34,"Male",0,63,"Younger",1,8.30865297479667
65,"Female",1,62,"Older",0,2.48820794423383
25,"Male",1,43,"Younger",1,7.05653687551458
20,"Male",0,45,"Younger",1,6.70596224308324
61,"Female",1,33,"Older",0,2.43746443314425
63,"Male",1,64,"Older",1,1.33905574775997
54,"Female",0,50,"Older",0,5.84228983744182
31,"Female",1,67,"Younger",0,7.32958567227445
45,"Female",0,58,"Older",0,2.20258753536472
23,"Female",1,63,"Younger",0,7.75559952647973
26,"Female",0,41,"Younger",0,6.23657008144193
50,"Female",0,36,"Older",0,3.29883888707468
63,"Male",1,54,"Older",1,1.41160952672963
36,"Male",1,91,"Younger",1,8.50100452426837
54,"Female",1,49,"Older",0,6.13770254106071
51,"Female",0,49,"Older",0,4.52383810093874
18,"Female",1,56,"Younger",0,9.45331409828017
45,"Female",0,41,"Older",0,1.96445274951755
47,"Female",0,67,"Older",0,2.4198597281553
21,"Female",1,61,"Younger",0,9.07155275112391
43,"Male",0,25,"Younger",1,5.1974764406709
28,"Male",0,49,"Younger",1,10.0963479455057
22,"Female",0,33,"Younger",0,8.30956067371963
53,"Male",0,49,"Older",1,2.57599859289319
36,"Male",0,50,"Younger",1,8.90953899201368
52,"Female",1,57,"Older",0,4.68616044603305
50,"Male",0,41,"Older",1,2.42208325243283
56,"Female",1,39,"Older",0,4.07591200028515
22,"Male",0,47,"Younger",1,4.49854546264472
40,"Female",1,46,"Younger",0,9.20249357790463
58,"Male",0,59,"Older",1,4.94848566061476
42,"Female",0,48,"Younger",0,5.7849700605354
38,"Male",0,29,"Younger",1,8.51866583709321
22,"Female",1,54,"Younger",0,8.75510376786723
29,"Female",0,55,"Younger",0,8.18728108578616
19,"Male",1,73,"Younger",1,7.38083520008355
35,"Male",0,64,"Younger",1,8.37536111326266
21,"Female",0,54,"Younger",0,9.22073477683984
59,"Female",0,54,"Older",0,2.31752447131559
64,"Male",1,49,"Older",1,1.12870933441148
40,"Female",1,82,"Younger",0,8.161587047959
25,"Female",0,38,"Younger",0,5.97259159248248
18,"Male",0,53,"Younger",1,7.8510049725056
28,"Male",0,42,"Younger",1,9.94503138768731
54,"Male",0,64,"Older",1,3.15027037168035
28,"Female",1,82,"Younger",0,7.11791766561854
32,"Female",0,31,"Younger",0,6.83175547753938
32,"Male",0,35,"Younger",1,8.55865520331898
59,"Female",1,39,"Older",0,2.42642197034785
32,"Female",0,45,"Younger",0,7.08564255925258
32,"Male",0,40,"Younger",1,8.447398441733
61,"Male",0,51,"Older",1,1.32588820566884
58,"Female",1,46,"Older",0,2.26771686708239
42,"Male",1,79,"Younger",1,7.51222418794137
53,"Female",1,41,"Older",0,5.76668589995531
20,"Male",1,48,"Younger",1,7.3130758972427
24,"Female",1,58,"Younger",0,6.92741714711785
21,"Female",1,75,"Younger",0,8.71603820786099
57,"Female",1,45,"Older",0,2.92408766961975
54,"Male",0,35,"Older",1,2.29180963635921
41,"Female",0,58,"Younger",0,7.44950553037127
55,"Female",1,61,"Older",0,5.70450531855023
21,"Female",0,36,"Younger",0,8.79217645104033
20,"Female",1,67,"Younger",0,9.26584417697827
28,"Female",0,41,"Younger",0,7.45567850865356
27,"Female",1,63,"Younger",0,6.07710640193598
46,"Female",1,47,"Older",0,1.88220759199787
40,"Female",1,48,"Younger",0,8.81817754736379
22,"Female",0,61,"Younger",0,9.17854857643134
41,"Female",1,54,"Younger",0,7.19099702553771
49,"Female",0,49,"Older",0,3.80448000102461
42,"Male",1,63,"Younger",1,7.89991512907808
28,"Male",0,61,"Younger",1,10.644836617505
27,"Male",1,57,"Younger",1,7.87357003761656
32,"Female",1,56,"Younger",0,7.24880545405426
48,"Male",1,57,"Older",1,1.23608353285954
27,"Male",0,44,"Younger",1,7.89532613710133
62,"Male",1,43,"Older",1,1.17315189027643
41,"Male",1,61,"Younger",1,8.82304693866072
52,"Male",0,40,"Older",1,3.16780944495665
27,"Male",0,64,"Younger",1,8.36147072305056
25,"Male",1,64,"Younger",1,6.65085981937714
61,"Male",0,49,"Older",1,1.2509844514227
59,"Male",0,40,"Older",1,3.69899843535834
49,"Female",1,63,"Older",0,3.70135651844867
56,"Female",0,57,"Older",0,3.72322528983635
24,"Female",0,56,"Younger",0,6.84373485315644
55,"Female",0,59,"Older",0,6.09089419996281
34,"Female",1,49,"Younger",0,6.89581969605033
37,"Female",1,78,"Younger",0,6.70537563512192
50,"Male",1,75,"Older",1,2.22106929855878
54,"Male",1,45,"Older",1,3.06282933390351
27,"Male",1,50,"Younger",1,8.32743941143078
62,"Male",1,38,"Older",1,1.50631196456114
27,"Female",0,57,"Younger",0,6.1809729798416
19,"Female",0,44,"Younger",0,9.28769114495542
32,"Female",0,55,"Younger",0,7.21751124170924
40,"Male",1,43,"Younger",1,9.63055243158833
64,"Female",1,55,"Older",0,2.38429921822113
57,"Female",0,60,"Older",0,2.99128126850791
52,"Male",0,34,"Older",1,2.8656965798043
19,"Male",0,28,"Younger",1,6.99415706066487
23,"Female",0,51,"Younger",0,8.0599238423294
63,"Female",0,33,"Older",0,2.56776571427754
64,"Female",0,34,"Older",0,2.19840002003805
26,"Male",0,43,"Younger",1,7.17197651397828
40,"Male",0,53,"Younger",1,9.56366860589657
42,"Female",1,52,"Younger",0,5.61894176713672
32,"Male",0,34,"Younger",1,8.48097402253215
39,"Male",0,34,"Younger",1,8.92715972881168
65,"Male",0,47,"Older",1,1.14443821990757
25,"Female",0,40,"Younger",0,6.38722317663923
46,"Male",1,63,"Older",1,0.512106161641712
58,"Male",1,54,"Older",1,4.40699270798347
38,"Female",0,69,"Younger",0,8.14173905579677
65,"Female",1,49,"Older",0,2.75276404006238
26,"Female",1,70,"Younger",0,6.09407595041483
51,"Male",0,54,"Older",1,3.25223768704022
58,"Female",1,50,"Older",0,2.05450389630281
60,"Male",0,68,"Older",1,2.50865173979826
28,"Male",1,71,"Younger",1,9.81801835795068
21,"Female",0,42,"Younger",0,8.89845128989575
24,"Female",1,47,"Younger",0,7.06523878012036
28,"Female",0,47,"Younger",0,7.53549081450169
50,"Female",1,68,"Older",0,3.26774548050914
28,"Male",1,75,"Younger",1,9.6994713599473
55,"Female",1,31,"Older",0,6.40618510971589
38,"Female",0,26,"Younger",0,7.1962337717927
27,"Male",0,49,"Younger",1,7.87264914873822
20,"Male",0,63,"Younger",1,6.89360989686938
52,"Female",0,54,"Older",0,4.92676282453736
51,"Male",0,47,"Older",1,3.02319653420113
57,"Male",1,73,"Older",1,4.0348185627272
45,"Male",0,72,"Older",1,2.64917018046964
30,"Female",1,59,"Younger",0,7.79816666572089
25,"Male",1,56,"Younger",1,6.80796919031132
19,"Female",1,59,"Younger",0,9.46466497359549
23,"Female",1,62,"Younger",0,7.7853195946638
40,"Male",1,44,"Younger",1,9.65484792588314
34,"Female",1,45,"Younger",0,7.04784995132097
49,"Male",0,47,"Older",1,2.09889706914023
31,"Male",0,55,"Younger",1,8.68877808976692
24,"Female",1,81,"Younger",0,6.45274323673704
30,"Female",0,48,"Younger",0,7.9095110553581
25,"Female",1,68,"Younger",0,6.12136407526694
55,"Female",0,58,"Older",0,6.26575282685676
28,"Male",1,63,"Younger",1,10.1147372066395
59,"Female",1,54,"Older",0,2.24689661902309
34,"Male",0,55,"Younger",1,8.04634020269143
24,"Female",0,55,"Younger",0,6.84340807868155
61,"Female",0,44,"Older",0,1.85924891060447
36,"Female",1,42,"Younger",0,7.1418095364054
57,"Female",0,39,"Older",0,2.51265978323372
32,"Male",0,64,"Younger",1,8.72300700609217
63,"Female",1,49,"Older",0,3.21587185148364
31,"Male",0,43,"Younger",1,8.3512062580195
43,"Female",0,64,"Younger",0,4.451587023516
44,"Male",0,55,"Younger",1,3.25384465034159
34,"Male",1,58,"Younger",1,7.84910084232432
50,"Male",0,73,"Older",1,3.19437720837846
35,"Male",1,68,"Younger",1,7.99801185860235
37,"Female",0,55,"Younger",0,7.16757023141462
44,"Male",1,73,"Younger",1,2.86256435710285
59,"Female",0,46,"Older",0,2.28768269510325
27,"Female",0,58,"Younger",0,6.13678111492716
26,"Female",0,52,"Younger",0,6.20621784290845
48,"Female",1,44,"Older",0,3.60600881548591
36,"Female",1,43,"Younger",0,7.11573164210481
35,"Male",1,71,"Younger",1,8.09516907949933
61,"Female",1,53,"Older",0,2.02734434543645
61,"Male",1,50,"Older",1,1.30293944316427
45,"Male",0,61,"Older",1,2.43795437686195
38,"Female",0,37,"Younger",0,7.33651964930632
46,"Female",0,38,"Older",0,1.65081604745761
53,"Female",0,47,"Older",0,5.56336668333227
37,"Female",0,47,"Younger",0,7.05820040583328
40,"Female",1,65,"Younger",0,8.62781408999069
59,"Male",0,47,"Older",1,3.82908654758082
22,"Male",1,44,"Younger",1,4.90851309199368
19,"Female",0,56,"Younger",0,9.63210669916586
35,"Male",0,37,"Younger",1,8.16484571131122
29,"Male",0,52,"Younger",1,9.76240304537965
30,"Female",1,52,"Younger",0,8.05340524028047
60,"Male",0,23,"Older",1,1.34421105563586
55,"Female",0,48,"Older",0,5.853049834496
35,"Female",0,35,"Younger",0,6.7311368575135
27,"Female",0,71,"Younger",0,6.40596938217841
26,"Male",1,47,"Younger",1,7.89587228579797
52,"Male",1,44,"Older",1,3.5514316540511
46,"Female",1,49,"Older",0,1.63765865714514
39,"Female",1,62,"Younger",0,7.94532820138943
36,"Male",1,54,"Younger",1,8.8828936432107
25,"Male",1,71,"Younger",1,6.66024201149505
62,"Male",1,37,"Older",1,1.51760354813636
50,"Female",1,60,"Older",0,3.43536688209347
19,"Female",0,49,"Younger",0,9.59380074472852
60,"Female",0,35,"Older",0,1.86302767106135
65,"Male",1,44,"Older",1,1.24411283834057
22,"Female",0,62,"Younger",0,9.13570313939089
38,"Male",1,46,"Younger",1,9.20038872133321
48,"Male",1,48,"Older",1,1.42876720034124
53,"Male",0,71,"Older",1,3.08261292686784
44,"Male",1,58,"Younger",1,3.36124905576933
40,"Male",1,54,"Younger",1,9.63722955562231
20,"Male",0,62,"Younger",1,6.91510058168852
32,"Female",0,55,"Younger",0,7.50678041895994
59,"Female",0,50,"Older",0,2.30029348780879
56,"Female",1,75,"Older",0,2.65237654311793
24,"Female",0,43,"Younger",0,6.90489811889557
51,"Male",0,61,"Older",1,3.43019463965059
48,"Female",1,59,"Older",0,3.24246838520033
35,"Male",0,39,"Younger",1,8.18735397845982
35,"Female",1,82,"Younger",0,6.58880447380465
52,"Male",0,48,"Older",1,3.31320070201954
57,"Male",0,29,"Older",1,4.25204300182526
63,"Female",0,53,"Older",0,3.33089228162722
26,"Female",1,66,"Younger",0,6.1773947376373
32,"Female",1,76,"Younger",0,6.83263158236198
34,"Male",0,68,"Younger",1,8.24365155425538
24,"Female",1,51,"Younger",0,6.89275836191178
47,"Male",0,71,"Older",1,0.52414103335962
25,"Male",1,78,"Younger",1,6.56740404113539
18,"Female",0,41,"Younger",0,9.2890538489033
26,"Female",1,50,"Younger",0,6.61729470592805
52,"Male",0,42,"Older",1,3.23442877925045
42,"Male",1,64,"Younger",1,7.91606815116122
19,"Male",1,48,"Younger",1,8.04108537342614
28,"Male",1,73,"Younger",1,10.0673766613162
21,"Female",0,38,"Younger",0,8.82927706298152
57,"Female",1,40,"Older",0,3.10764177063114
37,"Male",0,58,"Younger",1,8.8918182696511
28,"Female",1,67,"Younger",0,7.48722020314213
35,"Male",1,61,"Younger",1,8.31441679222554
31,"Male",0,53,"Younger",1,8.79034659954338
20,"Male",1,52,"Younger",1,7.05566520159858
45,"Male",0,32,"Older",1,1.51670257792036
20,"Female",1,51,"Younger",0,9.52738831807915
63,"Female",0,58,"Older",0,3.4059008762606
45,"Male",1,56,"Older",1,2.04743572112426
46,"Male",0,85,"Older",1,1.27100834118831
56,"Male",1,41,"Older",1,4.50539168107205
40,"Female",0,51,"Younger",0,8.69243138727278
32,"Female",0,52,"Younger",0,7.1485324722719
40,"Female",1,58,"Younger",0,8.86939607176847
41,"Female",1,46,"Younger",0,7.40989466583876
57,"Male",0,52,"Older",1,4.77249011654486
50,"Male",1,54,"Older",1,2.69337968199571
54,"Female",0,49,"Older",0,5.86388632874194
46,"Male",1,33,"Older",1,0.594777658548424
23,"Male",0,34,"Younger",1,4.00068446467447
42,"Male",1,47,"Younger",1,8.34744939772213
59,"Female",0,54,"Older",0,2.31212744907079
43,"Female",0,59,"Younger",0,4.28067701028687
41,"Female",1,57,"Younger",0,7.05585338337108
61,"Male",1,40,"Older",1,1.48508828040793
49,"Male",0,46,"Older",1,2.05312662561351
25,"Male",1,49,"Younger",1,6.97311494925002
33,"Male",0,55,"Younger",1,8.35725615566314
56,"Male",0,49,"Older",1,4.05129730601629
49,"Female",0,38,"Older",0,3.47488296340482
56,"Female",0,39,"Older",0,3.27477496089284
18,"Female",1,61,"Younger",0,9.42069463673893
47,"Male",1,61,"Older",1,0.0338615535613604
42,"Female",1,60,"Younger",0,5.66035550499121
60,"Female",0,44,"Older",0,2.10078904032523
20,"Female",0,55,"Younger",0,9.21080809283461
39,"Male",0,47,"Younger",1,9.16576611073886
34,"Male",1,53,"Younger",1,7.89135349752943
37,"Male",0,46,"Younger",1,8.47262510474803
52,"Female",0,45,"Older",0,4.62843187162407
31,"Female",1,48,"Younger",0,7.59518509547142
54,"Female",1,44,"Older",0,5.88883032320196
41,"Female",0,50,"Younger",0,7.28004248728984
47,"Male",1,29,"Older",1,0.894869895662953
25,"Male",1,74,"Younger",1,6.45415237281602
37,"Female",0,59,"Younger",0,7.31228133784995
27,"Female",1,60,"Younger",0,6.01731976923681
39,"Female",0,47,"Younger",0,7.7102221569548
34,"Male",0,58,"Younger",1,8.19693378621892
26,"Female",0,35,"Younger",0,5.96504557829601
52,"Male",1,51,"Older",1,3.33198537144735
54,"Male",0,54,"Older",1,2.95595558026717
38,"Male",1,40,"Younger",1,9.19266933268494
33,"Female",0,52,"Younger",0,6.91067176642503
43,"Male",1,43,"Younger",1,6.36569735354552
52,"Female",0,52,"Older",0,4.80381083071571
52,"Female",1,40,"Older",0,4.84568196712551
43,"Female",1,55,"Younger",0,4.34219045805681
30,"Male",1,69,"Younger",1,8.65707687122465
53,"Male",1,54,"Older",1,2.57515143462229
64,"Female",1,49,"Older",0,2.66849706688064
42,"Female",1,69,"Younger",0,5.4274710789793
45,"Female",1,70,"Older",0,1.76363162816713
46,"Male",1,51,"Older",1,0.448943415156039
30,"Female",0,53,"Younger",0,7.99076861076975
61,"Female",1,58,"Older",0,2.03548393294476
38,"Female",1,64,"Younger",0,7.66930438620796
42,"Female",0,69,"Younger",0,6.13788721293223
46,"Male",0,33,"Older",1,0.13074241388687
37,"Female",0,55,"Younger",0,7.24951770376059
46,"Male",0,49,"Older",1,0.482965489607767
30,"Male",1,55,"Younger",1,9.05875186277322
30,"Female",0,40,"Younger",0,7.88698402318539
52,"Female",1,36,"Older",0,5.2227876837431
22,"Female",0,41,"Younger",0,8.68164445298355
30,"Male",0,44,"Younger",1,9.16316660669651
40,"Male",0,55,"Younger",1,9.7602887330311
45,"Female",1,51,"Older",0,2.22603370516298
61,"Female",1,28,"Older",0,2.31616814130921
25,"Male",1,65,"Younger",1,6.57448705937751
55,"Male",0,50,"Older",1,4.02875083143598
41,"Male",1,61,"Younger",1,8.91282939535521
33,"Male",0,46,"Younger",1,8.26627680313733
28,"Male",1,75,"Younger",1,9.77751099768183
40,"Female",1,56,"Younger",0,8.7651895145561
47,"Male",0,65,"Older",1,0.632453232560854
49,"Female",0,62,"Older",0,3.95675772863467
44,"Male",0,40,"Younger",1,2.88092267240733
61,"Male",1,45,"Older",1,1.42449555122827
65,"Female",1,59,"Older",0,2.63755265891085
32,"Female",0,48,"Younger",0,7.1053901049251
18,"Male",1,74,"Younger",1,7.47716971701422
61,"Male",0,34,"Older",1,1.01600050851132
27,"Female",0,45,"Younger",0,5.86428270460085
39,"Female",0,46,"Younger",0,7.95142045409163
59,"Male",0,58,"Older",1,4.34207152486629
53,"Female",1,49,"Older",0,5.67584680364506
58,"Male",1,52,"Older",1,4.76568629387436
42,"Female",1,51,"Younger",0,5.93062770129944
47,"Female",1,53,"Older",0,1.92543398662159
54,"Female",1,42,"Older",0,6.17449295344659
44,"Male",0,56,"Younger",1,3.64349505623825
26,"Male",1,49,"Younger",1,7.66385141282724
36,"Male",1,55,"Younger",1,8.89601945599325
52,"Male",1,65,"Older",1,3.06453904356909
51,"Female",1,49,"Older",0,4.59266841945764
40,"Female",1,68,"Younger",0,8.59007001769994
29,"Female",1,60,"Younger",0,8.0976842527902
32,"Female",1,71,"Younger",0,6.97118693150521
52,"Female",1,48,"Older",0,4.89071384385987
46,"Female",1,52,"Older",0,1.78448899247372
24,"Female",0,56,"Younger",0,6.8034813907099
46,"Male",0,58,"Older",1,0.970868105274036
62,"Female",1,42,"Older",0,2.47774605998476
63,"Male",1,48,"Older",1,1.3455750403887
51,"Male",1,71,"Older",1,2.75874448412202
26,"Female",1,59,"Younger",0,6.26510655011016
64,"Male",0,57,"Older",1,1.30081506147486
18,"Female",0,61,"Younger",0,9.69087054075662
27,"Female",0,54,"Younger",0,6.04074588888279
58,"Female",0,35,"Older",0,1.87218572018116
58,"Male",0,53,"Older",1,4.86545954384141
56,"Male",0,55,"Older",1,4.09041069766385
61,"Male",1,48,"Older",1,1.0399699264445
40,"Female",0,47,"Younger",0,8.7425476622887
23,"Female",0,38,"Younger",0,7.76076450083479
49,"Female",0,23,"Older",0,3.16293364002644
56,"Male",1,63,"Older",1,3.83247497192592
33,"Male",0,35,"Younger",1,7.81382211687097
43,"Female",0,27,"Younger",0,3.70741076579537
33,"Female",0,42,"Younger",0,6.90824161268682
19,"Male",0,47,"Younger",1,7.75907251677435
51,"Female",1,60,"Older",0,4.32125914535557
31,"Male",1,35,"Younger",1,9.14941942775493
47,"Male",1,44,"Older",1,0.809269300122331
45,"Male",1,44,"Older",1,2.30130670274864
38,"Female",1,54,"Younger",0,7.98126535909486
40,"Male",0,58,"Younger",1,10.0030990157294
47,"Male",1,46,"Older",1,0.733644625622773
42,"Female",0,53,"Younger",0,5.80827580478011
56,"Female",0,61,"Older",0,3.62086275688782
23,"Male",1,26,"Younger",1,4.90561367674119
21,"Female",1,57,"Younger",0,9.30521208355977
20,"Female",0,59,"Younger",0,9.63061276719624
63,"Male",1,51,"Older",1,1.51799807268246
63,"Male",1,58,"Older",1,1.27995872535366
65,"Female",1,51,"Older",0,2.6954705971478
27,"Female",0,51,"Younger",0,6.17462710747496
45,"Female",0,48,"Older",0,2.02989813406067
29,"Female",0,39,"Younger",0,7.87964873638037
20,"Male",0,46,"Younger",1,6.75265806913063
18,"Female",1,52,"Younger",0,9.38188841777194
61,"Female",1,76,"Older",0,1.45438513750046
50,"Female",1,64,"Older",0,3.55330640218142
53,"Female",0,54,"Older",0,5.68353894679267
30,"Female",1,51,"Younger",0,8.02510582504361
32,"Male",0,40,"Younger",1,8.39694059727238
30,"Male",0,39,"Younger",1,9.26323300317461
63,"Female",1,52,"Older",0,3.02085111997086
47,"Male",0,53,"Older",1,0.361572993653109
35,"Female",0,52,"Younger",0,6.99247910909988
61,"Female",0,71,"Older",0,2.65706417702735
56,"Male",0,59,"Older",1,4.20637724112082
43,"Male",0,41,"Younger",1,5.70399862807391
53,"Female",1,63,"Older",0,5.17681668030704
53,"Male",1,38,"Older",1,3.03640685949551
20,"Male",0,45,"Younger",1,6.61293971923479
42,"Female",0,39,"Younger",0,5.58478153729172
28,"Female",0,54,"Younger",0,7.67229402943712
47,"Male",0,40,"Older",1,0.161206248337168
33,"Male",1,70,"Younger",1,7.969751734819
64,"Female",0,61,"Older",0,3.07133239209244
28,"Male",1,66,"Younger",1,10.2553566222182
55,"Female",0,40,"Older",0,5.55802859197243
49,"Female",0,54,"Older",0,3.81245953589247
48,"Female",1,55,"Older",0,3.39126864874811
54,"Male",0,64,"Older",1,3.12598640353483
19,"Female",1,52,"Younger",0,9.65535950386047
39,"Male",1,54,"Younger",1,9.15827714136532
34,"Male",0,65,"Younger",1,8.06479612566816
22,"Female",1,39,"Younger",0,9.29846836799366
32,"Female",0,78,"Younger",0,7.44002182824904
49,"Female",0,56,"Older",0,3.99100658623037
52,"Female",1,62,"Older",0,4.51627223985831
44,"Female",0,52,"Younger",0,2.82610001149701
39,"Female",1,78,"Younger",0,7.62626223220215
42,"Female",0,53,"Younger",0,5.85164600180366
32,"Female",0,50,"Younger",0,7.28495069888031
52,"Female",0,59,"Older",0,4.89520425703509
47,"Male",0,50,"Older",1,0.543485450539667
51,"Male",0,50,"Older",1,3.20605891246323
22,"Female",0,45,"Younger",0,8.58714424912594
22,"Female",0,64,"Younger",0,9.03026223712438
24,"Male",0,42,"Younger",1,5.22159650412202
19,"Female",0,50,"Younger",0,9.4178338055643
33,"Female",0,52,"Younger",0,6.90692287185877
57,"Female",1,47,"Older",0,3.08017900663063
40,"Male",0,48,"Younger",1,9.4554805825757
40,"Female",0,44,"Younger",0,8.65126186857641
41,"Male",1,63,"Younger",1,8.79951799831765
38,"Female",0,44,"Younger",0,7.55073372794476
35,"Male",1,69,"Younger",1,8.03923493938383
36,"Female",1,57,"Younger",0,6.82943834109583
26,"Female",1,60,"Younger",0,6.33259419804305
36,"Male",1,72,"Younger",1,8.89149854504902
63,"Female",1,51,"Older",0,3.15802737344243
36,"Male",0,38,"Younger",1,8.61140311054355
22,"Male",0,59,"Younger",1,4.73067327574664
62,"Female",0,36,"Older",0,1.86874428787584
33,"Female",0,59,"Younger",0,7.11761357470787
56,"Female",0,50,"Older",0,3.28681762993406
57,"Female",1,46,"Older",0,2.91442064699083
49,"Male",0,36,"Older",1,2.19450037657437
65,"Male",0,55,"Older",1,1.21551194343384
32,"Male",0,61,"Younger",1,8.70808119159517
43,"Female",1,58,"Younger",0,4.2547015520073
37,"Female",1,47,"Younger",0,7.56776110847804
52,"Female",1,35,"Older",0,5.28857413157623
48,"Male",1,42,"Older",1,1.45982002072243
41,"Female",1,71,"Younger",0,6.8379550056092
34,"Female",1,52,"Younger",0,6.87834130701038
24,"Male",0,78,"Younger",1,5.95849658860014
30,"Female",0,59,"Younger",0,8.04666443929341
52,"Female",0,59,"Older",0,5.09757731925332
30,"Female",0,47,"Younger",0,7.96257147904142
31,"Male",0,62,"Younger",1,8.67835634547625
21,"Male",0,55,"Younger",1,5.85271433210053
42,"Male",1,67,"Younger",1,7.65961606811305
46,"Male",1,47,"Older",1,0.607333480532357
33,"Female",1,64,"Younger",0,6.9453531286222
58,"Female",1,57,"Older",0,1.9137986522288
65,"Male",0,26,"Older",1,0.554536310051629
26,"Female",1,55,"Younger",0,6.23754730747024
54,"Female",1,39,"Older",0,6.17430871381702
39,"Female",0,62,"Younger",0,8.26951197086859
63,"Female",1,55,"Older",0,2.96848611214163
61,"Male",0,37,"Older",1,1.11017898837037
39,"Female",1,54,"Younger",0,8.11519725734883
41,"Female",0,61,"Younger",0,7.33117762562261
31,"Female",0,32,"Younger",0,7.24802766583619
47,"Female",1,48,"Older",0,2.05112934063579
62,"Female",1,55,"Older",0,2.1937536631769
64,"Female",1,57,"Older",0,2.59131122685132
57,"Male",0,37,"Older",1,4.35912174398379
62,"Male",1,43,"Older",1,1.34491918031032
48,"Female",1,56,"Older",0,3.33854296950019
56,"Male",0,55,"Older",1,4.1672658187956
54,"Female",0,67,"Older",0,6.25997324498978
25,"Female",1,65,"Younger",0,6.35494960892509
64,"Female",1,50,"Older",0,2.51695832007451
31,"Male",0,64,"Younger",1,8.82762719667966
65,"Male",0,55,"Older",1,1.35155508170338
18,"Female",1,64,"Younger",0,9.39817686399813
40,"Female",1,63,"Younger",0,8.79155567095793
43,"Female",0,49,"Younger",0,4.05923995129188
63,"Male",0,50,"Older",1,1.34708895002643
40,"Male",1,51,"Younger",1,9.57957190166721
48,"Female",0,48,"Older",0,3.51387271621269
38,"Female",1,56,"Younger",0,7.84622852137325
34,"Male",0,44,"Younger",1,8.008472310066
56,"Male",1,34,"Older",1,4.31024387722697
24,"Male",1,49,"Younger",1,5.5133323484715
62,"Female",1,28,"Older",0,2.76361289946584
64,"Female",1,56,"Older",0,2.34555471504453
29,"Male",1,55,"Younger",1,9.89499940772979
49,"Male",0,55,"Older",1,2.42124204142213
63,"Female",0,56,"Older",0,3.3601525921428
36,"Male",1,54,"Younger",1,8.94036183715407
36,"Male",0,42,"Younger",1,8.80520866288702
42,"Male",0,43,"Younger",1,7.89954092107908
34,"Male",0,38,"Younger",1,7.59877507876678
26,"Female",1,83,"Younger",0,5.96453087671493
62,"Female",0,48,"Older",0,2.33618637212638
63,"Female",0,44,"Older",0,3.04724711066394
40,"Female",0,32,"Younger",0,8.35642865856927
48,"Female",0,49,"Older",0,3.28179515623666
55,"Male",0,57,"Older",1,4.25009174585198
50,"Male",1,52,"Older",1,2.90116338694204
33,"Female",1,56,"Younger",0,7.09772842520532
25,"Male",1,51,"Younger",1,6.78204287932118
22,"Male",0,57,"Younger",1,4.52580197937226
27,"Female",1,67,"Younger",0,6.0656816734296
58,"Male",1,78,"Older",1,4.16110081905086
45,"Female",0,44,"Older",0,1.96360063565624
54,"Male",0,43,"Older",1,2.63875283247319
63,"Female",0,46,"Older",0,3.02320385067763
36,"Female",0,51,"Younger",0,7.05466836083176
50,"Female",0,53,"Older",0,3.69745819912037
33,"Female",1,52,"Younger",0,7.13877205666624
23,"Male",0,55,"Younger",1,4.65758148691649
25,"Female",1,31,"Younger",0,7.04506273103351
42,"Female",1,60,"Younger",0,5.57213031463015
31,"Female",0,58,"Younger",0,7.8816189588701
48,"Male",1,66,"Older",1,1.13621311754297
63,"Female",0,32,"Older",0,2.78350743708613
42,"Male",0,40,"Younger",1,7.6234662859286
25,"Female",1,76,"Younger",0,6.09192481697326
60,"Male",0,55,"Older",1,1.94375433046633
41,"Male",1,38,"Younger",1,9.34205925125107
22,"Male",0,60,"Younger",1,4.83204185531036
31,"Male",1,56,"Younger",1,8.47473202099891
50,"Male",1,50,"Older",1,3.02541416566759
18,"Female",1,69,"Younger",0,9.03289419326882
54,"Female",1,50,"Older",0,5.90633288713989
52,"Male",1,53,"Older",1,3.427224505636
21,"Male",0,59,"Younger",1,5.96534190618946
52,"Male",0,38,"Older",1,2.94190446740521
63,"Male",0,40,"Older",1,0.854193235312854
35,"Female",0,51,"Younger",0,6.98563953567308
27,"Female",1,52,"Younger",0,6.27075378833481
29,"Female",1,63,"Younger",0,8.07011447688387
65,"Male",0,53,"Older",1,1.07786771326577
20,"Female",1,62,"Younger",0,9.31011717994451
43,"Female",0,60,"Younger",0,4.27442587384582
29,"Male",0,34,"Younger",1,9.27303685219833
54,"Female",1,59,"Older",0,5.67113631854066
62,"Male",0,65,"Older",1,1.51209452926035
25,"Male",1,55,"Younger",1,6.61816104839894
34,"Male",1,46,"Younger",1,8.39061177345763
22,"Male",1,67,"Younger",1,4.36043595319535
36,"Male",0,55,"Younger",1,9.23026985115969
55,"Female",0,45,"Older",0,5.89227786509682
49,"Female",0,53,"Older",0,3.87917869806302
19,"Female",1,58,"Younger",0,9.50944015901834
34,"Female",0,42,"Younger",0,6.59698737922564
25,"Male",0,43,"Younger",1,6.60583659496824
35,"Female",1,78,"Younger",0,6.68806485820653
43,"Female",0,60,"Younger",0,4.41555281815608
47,"Female",1,42,"Older",0,2.14935819259556
36,"Female",0,51,"Younger",0,7.01587706080612
22,"Female",1,75,"Younger",0,8.57958674366426
46,"Male",1,39,"Older",1,0.739134603125779
46,"Female",0,63,"Older",0,1.98505885725414
63,"Male",1,46,"Older",1,1.42494340299697
29,"Male",1,34,"Younger",1,10.1685911961012
18,"Female",0,54,"Younger",0,9.79831788602331
65,"Female",1,46,"Older",0,3.01909028722315
47,"Female",0,36,"Older",0,1.84906684844105
24,"Female",0,66,"Younger",0,7.05063020588797
22,"Female",1,63,"Younger",0,8.52082285678888
27,"Female",0,57,"Younger",0,6.24332096849524
53,"Female",1,55,"Older",0,5.69083326907
25,"Female",0,27,"Younger",0,5.9106335981057
48,"Male",0,37,"Older",1,0.909920695052726
22,"Male",0,31,"Younger",1,4.14708347687103
56,"Male",0,41,"Older",1,3.99285728759649
39,"Male",0,53,"Younger",1,9.1034439166623
29,"Female",1,63,"Younger",0,7.91251276057537
62,"Female",0,57,"Older",0,2.53292494223128
27,"Female",1,49,"Younger",0,6.50884611741793
46,"Male",1,56,"Older",1,0.193137400913198
47,"Male",0,42,"Older",1,0.162688036604145
18,"Female",1,35,"Younger",0,9.87139333522011
64,"Male",1,37,"Older",1,1.21622073560273
31,"Male",0,57,"Younger",1,8.53800185413203
24,"Female",0,57,"Younger",0,7.03280877499686
51,"Female",0,41,"Older",0,4.25210209248268
27,"Male",0,9,"Younger",1,7.05075894572901
32,"Female",1,68,"Younger",0,7.04923073790372
36,"Male",1,61,"Younger",1,8.90866561804165
35,"Male",0,48,"Younger",1,8.29295796155629
63,"Female",0,43,"Older",0,3.06285182119941
39,"Male",0,41,"Younger",1,8.84184362700819
35,"Male",0,44,"Younger",1,8.15019677439517
20,"Female",0,46,"Younger",0,9.11334387374798
60,"Female",1,44,"Older",0,2.28990321569625
54,"Female",0,36,"Older",0,5.61203308861836
63,"Male",1,63,"Older",1,1.27764051520622
35,"Male",1,56,"Younger",1,8.43201072285519
58,"Male",0,54,"Older",1,4.7450368247197
18,"Male",1,58,"Younger",1,7.8824190613816
56,"Male",0,49,"Older",1,4.01124538729193
32,"Female",1,53,"Younger",0,7.24730297151828
23,"Female",1,68,"Younger",0,7.41238108303667
62,"Male",1,59,"Older",1,1.02811309774222
50,"Male",1,71,"Older",1,2.5494603001541
55,"Female",1,56,"Older",0,6.02306564078548
57,"Female",0,36,"Older",0,2.6261533198336
27,"Female",0,69,"Younger",0,6.42033652029836
51,"Male",0,47,"Older",1,3.19817179456667
43,"Male",1,58,"Younger",1,5.91126102022037
35,"Male",1,78,"Younger",1,7.98417084659712
22,"Male",1,62,"Younger",1,4.40463851655598
52,"Male",0,54,"Older",1,3.15039974240059
23,"Female",0,25,"Younger",0,7.52651429533284
46,"Male",0,35,"Older",1,0.288928835010892
60,"Male",1,44,"Older",1,2.03579531540775
26,"Male",1,54,"Younger",1,7.8400945811503
39,"Female",1,66,"Younger",0,7.65549828581769
37,"Female",0,41,"Younger",0,6.76402131824582
64,"Female",0,55,"Older",0,2.84300279436685
47,"Male",0,79,"Older",1,1.00118165588566
56,"Male",1,58,"Older",1,3.88151758775537
58,"Female",0,44,"Older",0,1.79441638009613
31,"Female",1,41,"Younger",0,7.97008789489246
46,"Female",0,49,"Older",0,1.87700114243984
28,"Male",0,56,"Younger",1,10.3314206929112
37,"Female",0,45,"Younger",0,7.07497633007622
34,"Male",0,41,"Younger",1,7.65048146045089
61,"Male",1,63,"Older",1,0.887152641175602
41,"Female",1,71,"Younger",0,6.62181036217027
61,"Male",0,46,"Older",1,1.2248984923394
42,"Male",1,69,"Younger",1,7.69980805399099
30,"Male",0,47,"Younger",1,9.21710415994091
29,"Female",1,53,"Younger",0,8.28198021256726
23,"Female",0,60,"Younger",0,8.08745908698316
20,"Female",0,38,"Younger",0,9.05453978567216
45,"Female",1,59,"Older",0,2.01270300890399
61,"Male",0,47,"Older",1,1.23930756815349
61,"Male",0,56,"Older",1,1.48791105501622
28,"Male",0,13,"Younger",1,9.27135053831527
36,"Male",0,34,"Younger",1,8.54736605084831
28,"Male",1,60,"Younger",1,10.2202196506442
53,"Female",1,43,"Older",0,5.76670316487952
39,"Female",1,48,"Younger",0,8.21046669751
28,"Male",1,52,"Younger",1,10.5077163839559
44,"Female",1,43,"Younger",0,3.03217803748692
19,"Male",1,63,"Younger",1,7.58564871162399
56,"Male",1,58,"Older",1,3.72712959640383
23,"Male",1,45,"Younger",1,4.39313508480752
56,"Female",0,54,"Older",0,3.50989972507272
53,"Female",1,66,"Older",0,5.37867141521166
65,"Male",0,49,"Older",1,1.17004593123232
45,"Female",1,45,"Older",0,2.56804238672383
46,"Male",1,45,"Older",1,0.47395497026357
21,"Male",0,48,"Younger",1,5.56341230320928
58,"Female",0,62,"Older",0,2.1749303149206
22,"Female",1,67,"Younger",0,8.75224746034227
65,"Female",1,57,"Older",0,2.41398742564101
48,"Female",1,50,"Older",0,3.34581707031597
60,"Male",0,37,"Older",1,1.85149848799504
65,"Male",0,54,"Older",1,1.35971829781558
26,"Female",1,45,"Younger",0,6.34210581907905
36,"Female",1,60,"Younger",0,6.9814070466135
45,"Female",1,58,"Older",0,2.05066582861201
32,"Female",0,44,"Younger",0,7.06312661598497
28,"Male",0,38,"Younger",1,10.0092116394482
46,"Male",1,50,"Older",1,0.537070405069877
34,"Male",1,71,"Younger",1,7.66369762504144
58,"Male",0,30,"Older",1,4.5529463083234
42,"Female",0,55,"Younger",0,5.63438381704421
64,"Female",0,44,"Older",0,2.53823584245148
29,"Female",1,54,"Younger",0,8.41505940331226
36,"Female",1,56,"Younger",0,7.1696198239529
24,"Male",0,25,"Younger",1,4.53021678679637
28,"Male",1,70,"Younger",1,10.0126739330233
32,"Male",0,43,"Younger",1,8.49150246365568
26,"Male",1,70,"Younger",1,7.41166789430061
63,"Male",1,51,"Older",1,1.5553076054505
41,"Male",1,53,"Younger",1,8.84180774425517
36,"Female",1,57,"Younger",0,6.84074783227127
28,"Female",1,42,"Younger",0,7.99789166508051
50,"Male",1,59,"Older",1,2.64542837217399
26,"Male",1,55,"Younger",1,7.81610971759109
58,"Male",1,62,"Older",1,4.29980096856697
40,"Female",0,58,"Younger",0,8.97204467350506
34,"Male",1,41,"Younger",1,8.23137735169693
27,"Male",0,52,"Younger",1,7.90097776384389
25,"Male",0,58,"Younger",1,6.97286954740823
35,"Male",0,52,"Younger",1,8.41601131042328
41,"Male",0,31,"Younger",1,8.47097088145247
55,"Female",1,59,"Older",0,5.87340564628929
42,"Female",1,50,"Younger",0,5.85954828448931
24,"Female",0,64,"Younger",0,7.2102010589809
56,"Female",0,57,"Older",0,3.62896933420655
29,"Male",0,41,"Younger",1,9.41644691800523
58,"Male",0,51,"Older",1,4.8975542118419
33,"Female",1,50,"Younger",0,7.04346112587603
20,"Male",1,72,"Younger",1,6.2079041194957
48,"Male",0,60,"Older",1,1.87758894911882
52,"Female",0,51,"Older",0,4.87815490029382
38,"Male",1,61,"Younger",1,8.71553076314568
63,"Male",1,34,"Older",1,1.54367046216385
51,"Female",0,25,"Older",0,3.88329536916389
45,"Female",0,33,"Older",0,1.76264254716942
53,"Male",1,41,"Older",1,2.78292690920982
43,"Male",1,37,"Younger",1,6.31570252873546
18,"Male",1,37,"Younger",1,8.62339335608774
43,"Female",0,69,"Younger",0,4.44053639821992
38,"Male",0,47,"Younger",1,8.93954359325707
59,"Female",0,52,"Older",0,2.05823049650256
38,"Male",0,55,"Younger",1,8.90980826554104
55,"Female",1,61,"Older",0,5.83899005266055
52,"Male",1,50,"Older",1,3.28735295803601
47,"Female",1,54,"Older",0,1.92104785645289
29,"Male",1,63,"Younger",1,9.7155925521497
50,"Female",0,39,"Older",0,3.51530703861207
61,"Male",0,44,"Older",1,1.22580486823338
30,"Female",0,32,"Younger",0,7.61705746712363
50,"Female",1,44,"Older",0,4.02693812128961
41,"Male",0,36,"Younger",1,8.6472111689826
26,"Male",1,52,"Younger",1,7.8199786156399
48,"Female",1,50,"Older",0,3.45017194051712
49,"Male",0,50,"Older",1,2.24232776582172
19,"Female",1,65,"Younger",0,9.25854257781542
48,"Male",0,74,"Older",1,2.07716803178785
44,"Male",1,47,"Younger",1,3.63542402492408
52,"Female",0,35,"Older",0,4.41209009683504
50,"Female",1,46,"Older",0,3.83370658819041
40,"Male",0,40,"Younger",1,9.45689773795278
54,"Male",0,41,"Older",1,2.54428005500637
27,"Male",1,57,"Younger",1,7.94791327774242
60,"Female",0,51,"Older",0,2.37136071831505
36,"Male",1,82,"Younger",1,8.38364877314187
33,"Male",1,55,"Younger",1,8.36381661500277
64,"Male",1,63,"Older",1,0.768131526744413
56,"Male",1,40,"Older",1,4.2651914591694
49,"Female",1,52,"Older",0,3.61724282839717
65,"Female",0,59,"Older",0,3.03313778518597
36,"Female",0,54,"Younger",0,7.14536647117424
21,"Male",0,44,"Younger",1,5.31593984433524
52,"Female",0,48,"Older",0,4.75763554743488
51,"Female",1,58,"Older",0,4.3525719155691
46,"Male",1,50,"Older",1,0.30190672983585
30,"Male",0,43,"Younger",1,9.05428665276143
53,"Female",0,45,"Older",0,5.26040555055365
37,"Male",0,63,"Younger",1,9.15856489220116
55,"Female",1,55,"Older",0,6.07529032561522
20,"Male",0,64,"Younger",1,7.08969389394516
42,"Female",0,50,"Younger",0,5.671738282647
38,"Male",1,64,"Younger",1,8.55476646918464
57,"Female",0,50,"Older",0,2.63122687264049
22,"Female",1,58,"Younger",0,8.7098954557379
22,"Male",1,44,"Younger",1,4.92104257940997
36,"Male",1,39,"Younger",1,8.99505335086363
61,"Male",1,55,"Older",1,1.08615461518818
47,"Male",1,69,"Older",1,-0.164584103750782
24,"Female",0,54,"Younger",0,6.92122789914069
63,"Female",0,35,"Older",0,2.74703265696326
34,"Female",0,55,"Younger",0,6.89905644578551
46,"Male",1,39,"Older",1,0.605148001032782
51,"Male",0,45,"Older",1,3.07526172616595
34,"Male",1,61,"Younger",1,8.01539547930106
28,"Male",0,52,"Younger",1,10.1736209456568
31,"Male",1,34,"Younger",1,9.06131817327424
57,"Female",1,54,"Older",0,2.73347566460396
50,"Female",0,46,"Older",0,3.75246501464921
51,"Female",0,48,"Older",0,4.38518472051124
27,"Male",1,61,"Younger",1,8.00205297219145
51,"Female",1,53,"Older",0,4.40763439727909
55,"Male",1,49,"Older",1,4.35763739745912
30,"Male",0,46,"Younger",1,9.15345931608078
29,"Male",1,73,"Younger",1,9.45424634882275
52,"Male",1,54,"Older",1,3.27524423488636
57,"Male",0,43,"Older",1,4.49783580125238
50,"Male",0,58,"Older",1,2.88324665009091
63,"Female",1,70,"Older",0,2.7719846118044
60,"Male",1,55,"Older",1,1.81197335569477
28,"Female",0,64,"Younger",0,8.03157338627613
25,"Male",0,56,"Younger",1,6.80962758736513
34,"Female",0,64,"Younger",0,7.11806552914889
21,"Female",0,67,"Younger",0,9.44399261645295
29,"Female",1,53,"Younger",0,8.20115446375252
64,"Female",1,55,"Older",0,2.64642121275949
31,"Male",1,63,"Younger",1,8.42755107684978
44,"Male",0,39,"Younger",1,2.77541279422844
28,"Male",0,48,"Younger",1,10.1786728662682
46,"Male",1,64,"Older",1,0.0515265495664158
55,"Male",0,37,"Older",1,3.60802339004041
61,"Female",1,43,"Older",0,2.29164386542189
36,"Female",1,57,"Younger",0,7.00004877392369
38,"Male",1,67,"Younger",1,8.71282098623562
23,"Male",1,43,"Younger",1,4.41413222509986
22,"Male",1,57,"Younger",1,4.79991805254309
41,"Female",0,44,"Younger",0,6.95209139039445
33,"Male",0,43,"Younger",1,8.18649419384397
26,"Female",1,72,"Younger",0,6.26798609194743
60,"Female",1,60,"Older",0,2.00457075953949
54,"Female",1,60,"Older",0,5.82917021817859
31,"Male",0,63,"Younger",1,8.78929431271273
22,"Male",0,69,"Younger",1,5.34826643561518
60,"Male",1,72,"Older",1,1.45463404694352
47,"Male",0,51,"Older",1,0.417028095135829
62,"Female",1,72,"Older",0,1.6049634643581
21,"Male",0,59,"Younger",1,5.62592197300582
21,"Male",0,57,"Younger",1,5.95386442799793
60,"Male",0,87,"Older",1,2.62163851792892
49,"Female",0,45,"Older",0,3.64022882407758
45,"Female",1,49,"Older",0,2.22078056886247
38,"Female",0,49,"Younger",0,7.68020398105291
23,"Female",0,58,"Younger",0,8.16084880035569
59,"Female",0,57,"Older",0,2.25256524277961
37,"Female",0,60,"Younger",0,7.24685001026866
34,"Female",1,65,"Younger",0,6.72906060387803
28,"Male",0,54,"Younger",1,10.2541776652567
57,"Male",1,37,"Older",1,4.96806889921755
38,"Female",1,65,"Younger",0,7.65912983567457
54,"Male",0,42,"Older",1,2.49325646382506
49,"Male",1,50,"Older",1,2.14202557965491
36,"Male",0,64,"Younger",1,9.0432884040981
60,"Male",1,43,"Older",1,2.17762568906184
18,"Female",0,39,"Younger",0,9.2246849745605
51,"Female",0,38,"Older",0,4.32060354790303
29,"Female",0,45,"Younger",0,7.93070259366462
31,"Female",0,41,"Younger",0,7.45578699645598
20,"Male",1,60,"Younger",1,6.63606520098191
65,"Female",0,46,"Older",0,2.48193294278585
37,"Male",1,48,"Younger",1,8.77240157980531
43,"Male",0,58,"Younger",1,6.21164097264146
21,"Male",0,51,"Younger",1,5.44222331704775
21,"Male",1,58,"Younger",1,5.64383014221403
43,"Female",0,45,"Younger",0,4.05064424972156
18,"Female",0,45,"Younger",0,9.25554680962172
42,"Female",1,51,"Younger",0,6.05677121188763
34,"Female",0,56,"Younger",0,6.86949011489455
38,"Male",0,42,"Younger",1,8.71354430987657
53,"Male",0,36,"Older",1,2.40980636914226
34,"Male",1,64,"Younger",1,7.91922421118995
56,"Male",1,63,"Older",1,3.7561457716916
22,"Female",1,63,"Younger",0,8.80521849200808
46,"Female",1,48,"Older",0,1.90665312535638
26,"Male",1,64,"Younger",1,7.6764660988187
48,"Male",1,44,"Older",1,1.6389333386257
23,"Male",1,60,"Younger",1,4.0979467761173
58,"Male",0,13,"Older",1,4.34236421731185
48,"Female",1,52,"Older",0,3.51027550153414
52,"Female",1,70,"Older",0,4.31070170582424
26,"Female",0,60,"Younger",0,6.41652473912065
52,"Male",1,55,"Older",1,3.17192665380948
55,"Male",0,40,"Older",1,3.79165560063875
35,"Female",1,50,"Younger",0,7.13565408176883
34,"Male",1,54,"Younger",1,7.99512701864015
30,"Male",0,42,"Younger",1,9.04068076171405
61,"Female",0,45,"Older",0,1.92236581369727
64,"Male",0,63,"Older",1,1.22130402785067
46,"Female",0,63,"Older",0,1.98287776940273
59,"Male",0,78,"Older",1,4.32596740252089
33,"Female",0,60,"Younger",0,7.16361302075713
50,"Female",0,55,"Older",0,3.80911571139124
55,"Female",1,55,"Older",0,5.71425444070142
32,"Male",0,52,"Younger",1,8.75989543182781
44,"Male",1,65,"Younger",1,3.04380994408887
39,"Female",1,52,"Younger",0,8.21415088612735
25,"Female",0,69,"Younger",0,6.82800015499177
18,"Male",1,52,"Younger",1,8.08030440564959
23,"Male",1,51,"Younger",1,4.26131461735053
39,"Female",1,60,"Younger",0,7.83802254928175
23,"Female",0,51,"Younger",0,8.03477259752108
22,"Female",1,70,"Younger",0,8.56678953161552
43,"Male",1,50,"Younger",1,6.1999418451411
26,"Female",1,67,"Younger",0,6.29944287718995
48,"Male",1,34,"Older",1,1.58389308765789
59,"Male",0,41,"Older",1,3.70562668550515
20,"Female",0,58,"Younger",0,9.37397244353593
58,"Male",0,34,"Older",1,4.56847632906895
49,"Male",0,47,"Older",1,2.19246723926591
40,"Female",0,46,"Younger",0,8.6312780603623
35,"Male",0,52,"Younger",1,8.33293263934921
39,"Female",1,38,"Younger",0,8.43068294606289
40,"Male",0,59,"Younger",1,9.74700686112908
42,"Male",0,52,"Younger",1,7.97535063812775
55,"Female",0,47,"Older",0,5.840121768208
47,"Female",1,37,"Older",0,2.36284646056501
55,"Female",0,48,"Older",0,5.8644899442655
57,"Male",0,33,"Older",1,4.13327657762152
21,"Female",1,54,"Younger",0,9.49878913625116
34,"Male",0,53,"Younger",1,8.00947626925791
23,"Female",0,44,"Younger",0,7.85718222347725
43,"Male",0,43,"Younger",1,5.77138774411224
56,"Male",1,59,"Older",1,4.02026429529453
49,"Male",0,35,"Older",1,1.99588574673388
44,"Female",1,48,"Younger",0,3.09774831732683
56,"Male",1,56,"Older",1,3.87188029207086
28,"Female",1,41,"Younger",0,8.1941065964634
38,"Male",1,61,"Younger",1,8.77793809625038
50,"Male",1,55,"Older",1,2.70128211584329
25,"Male",1,63,"Younger",1,6.6822792916837
34,"Female",0,52,"Younger",0,6.94364421493738
47,"Male",1,39,"Older",1,0.890270952785268
31,"Male",1,61,"Younger",1,8.44944124244856
41,"Male",1,36,"Younger",1,9.199459433899
24,"Male",0,66,"Younger",1,5.52499701868077
20,"Female",0,62,"Younger",0,9.56395010129537
50,"Male",1,71,"Older",1,2.3541086957624
41,"Female",0,48,"Younger",0,7.04225997283697
32,"Female",1,53,"Younger",0,7.41458962326264
44,"Male",1,61,"Younger",1,3.32004050597288
41,"Female",1,63,"Younger",0,7.19001334775821
40,"Female",0,38,"Younger",0,8.76059888958035
63,"Female",0,40,"Older",0,2.979086931659
44,"Male",1,58,"Younger",1,3.13921853803237
29,"Female",0,46,"Younger",0,7.94727705352355
25,"Female",1,55,"Younger",0,6.32290552338412
50,"Female",1,48,"Older",0,3.69356111366985
39,"Male",0,70,"Younger",1,9.44007774643907
51,"Male",1,41,"Older",1,3.4855091284531
22,"Female",0,37,"Younger",0,8.38221743429837
30,"Male",1,53,"Younger",1,9.31074564321537
36,"Male",1,82,"Younger",1,8.43211052009425
48,"Male",1,63,"Older",1,1.16070439015891
43,"Male",1,61,"Younger",1,5.74719456377072
37,"Male",1,53,"Younger",1,8.76323170148905
46,"Female",1,35,"Older",0,2.265287972655
26,"Female",1,57,"Younger",0,6.37351017779638
33,"Male",0,77,"Younger",1,8.77220120176159
38,"Female",0,51,"Younger",0,7.6584504646299
50,"Female",0,43,"Older",0,3.5872558360681
59,"Female",1,70,"Older",0,1.83191571607282
26,"Male",1,79,"Younger",1,7.51821756625944
28,"Female",0,35,"Younger",0,7.30543648563297
18,"Female",1,58,"Younger",0,9.46393016583096
51,"Male",1,54,"Older",1,3.2570664377807
28,"Female",1,65,"Younger",0,7.58519492517298
42,"Female",0,57,"Younger",0,5.77576428712061
31,"Female",0,53,"Younger",0,7.60279081366008
48,"Female",1,60,"Older",0,3.15381851694879
31,"Female",1,52,"Younger",0,7.54103539882257
37,"Male",0,43,"Younger",1,8.64639355154787
57,"Female",0,46,"Older",0,2.7914245360702
41,"Female",0,29,"Younger",0,6.63773738140927
54,"Female",1,83,"Older",0,5.15950088566631
58,"Female",0,66,"Older",0,2.33402734666254
46,"Female",1,64,"Older",0,1.43687902960328
27,"Male",0,49,"Younger",1,8.02331002102474
24,"Female",0,52,"Younger",0,6.83235448031702
39,"Male",0,43,"Younger",1,8.88993671737812
61,"Female",1,40,"Older",0,2.13217552372821
49,"Female",1,71,"Older",0,3.41923646123379
28,"Male",0,69,"Younger",1,10.6384613138734
35,"Female",0,57,"Younger",0,7.21714331977309
29,"Female",1,67,"Younger",0,7.99220195164682
24,"Male",0,36,"Younger",1,4.65627666848831
20,"Male",0,57,"Younger",1,7.22669510852046
63,"Female",1,52,"Older",0,3.13987812163682
35,"Female",0,54,"Younger",0,7.10629012001729
65,"Male",1,63,"Older",1,0.794905550077919
23,"Female",1,55,"Younger",0,8.02532559032049
47,"Female",1,45,"Older",0,2.23088829989909
23,"Female",1,69,"Younger",0,7.80658495420098
53,"Female",0,50,"Older",0,5.53416722596809
46,"Male",1,40,"Older",1,0.831677658810876
54,"Male",1,44,"Older",1,2.99575113330598
63,"Female",0,47,"Older",0,3.12337085261221
59,"Male",0,44,"Older",1,3.61383722356011
57,"Female",1,55,"Older",0,2.79336611492588
59,"Male",0,52,"Older",1,4.24658749745061
63,"Female",1,52,"Older",0,3.15024069093594
46,"Male",1,45,"Older",1,0.471554368794355
64,"Female",1,46,"Older",0,3.03917046380271
49,"Male",0,38,"Older",1,1.98912814789665
18,"Male",1,72,"Younger",1,7.19761302683957
51,"Male",0,51,"Older",1,3.14202081298802
32,"Female",1,48,"Younger",0,7.43566801343105
27,"Female",1,62,"Younger",0,6.01422434687548
22,"Female",1,53,"Younger",0,8.78909741800905
22,"Female",1,58,"Younger",0,8.78047675175902
34,"Female",1,75,"Younger",0,6.80870714881595
19,"Male",1,62,"Younger",1,7.97313091061451
44,"Female",0,64,"Younger",0,2.85945678002553
28,"Male",0,42,"Younger",1,10.1719364109978
54,"Male",1,66,"Older",1,2.37544333715059
34,"Female",0,42,"Younger",0,6.63165445279495
63,"Female",1,45,"Older",0,3.25500349188308
52,"Male",1,60,"Older",1,3.1794936972037
59,"Female",1,67,"Older",0,1.96207067157246
30,"Female",1,51,"Younger",0,8.06387736098572
47,"Male",0,45,"Older",1,0.409386717452676
48,"Female",0,42,"Older",0,3.13974168941655
51,"Female",1,67,"Older",0,4.35779274766708
34,"Male",0,60,"Younger",1,8.04961203754699
26,"Female",1,63,"Younger",0,6.31483070547113
26,"Male",0,54,"Younger",1,7.6444370533006
39,"Female",1,31,"Younger",0,8.29773704811382
63,"Female",0,46,"Older",0,3.20324833260989
64,"Male",0,56,"Older",1,1.11426775867391
49,"Male",0,41,"Older",1,2.02267367654346
55,"Male",0,67,"Older",1,4.45568152150348
57,"Male",0,61,"Older",1,4.92602882511426
19,"Male",0,48,"Younger",1,7.69905303669942
18,"Female",1,68,"Younger",0,9.23676469269135
35,"Female",0,57,"Younger",0,6.87682888629714
24,"Female",1,49,"Younger",0,6.96302377697766
44,"Female",1,61,"Younger",0,2.69684629389613
24,"Male",0,67,"Younger",1,5.53659816554414
53,"Female",0,39,"Older",0,5.15954490189132
22,"Male",1,62,"Younger",1,4.62946722303209
28,"Male",0,44,"Younger",1,10.072811376246
44,"Female",1,50,"Younger",0,2.90120546883575
48,"Female",1,64,"Older",0,3.06406377284454
59,"Female",0,51,"Older",0,2.27325626121418
28,"Female",0,53,"Younger",0,7.76394195346522
45,"Male",0,52,"Older",1,2.15664742316106
50,"Female",0,63,"Older",0,4.14660762814106
59,"Male",0,48,"Older",1,3.81615948947353
49,"Female",0,64,"Older",0,3.92876124087556
40,"Female",0,24,"Younger",0,8.30789802019182
38,"Female",0,56,"Younger",0,7.92814017416499
61,"Male",0,50,"Older",1,1.25652082927021
56,"Female",0,53,"Older",0,3.41086803007969
54,"Female",1,63,"Older",0,5.8318204652746
49,"Female",0,45,"Older",0,3.58534505918741
57,"Male",0,40,"Older",1,4.27935870456414
32,"Male",0,50,"Younger",1,8.64908483076407
49,"Male",0,54,"Older",1,2.44834659355321
24,"Male",0,69,"Younger",1,5.43046971720757
31,"Female",0,41,"Younger",0,7.28131281891686
59,"Male",1,53,"Older",1,4.14290713769874
65,"Female",0,54,"Older",0,2.75209709902886
42,"Male",1,53,"Younger",1,8.1548130674851
20,"Male",0,49,"Younger",1,6.71942045970571
40,"Female",1,57,"Younger",0,8.82618527863399
28,"Male",0,51,"Younger",1,10.3998014696574
48,"Female",1,64,"Older",0,3.23879760344173
20,"Male",0,57,"Younger",1,7.09984339563113
25,"Female",0,60,"Younger",0,6.61988476519103
44,"Female",0,42,"Younger",0,2.6408222747308
44,"Male",1,39,"Younger",1,3.85525512002415
42,"Male",0,60,"Younger",1,8.36368318618508
45,"Male",1,44,"Older",1,2.23127660575214
45,"Female",1,56,"Older",0,2.13904528755515
30,"Male",0,53,"Younger",1,9.18622530013193
32,"Male",1,71,"Younger",1,8.24506427961849
61,"Female",0,61,"Older",0,2.43396912129496
58,"Female",0,47,"Older",0,2.08172122992207
48,"Male",0,60,"Older",1,1.66586551094259
55,"Female",0,32,"Older",0,5.39435105278297
30,"Female",0,43,"Younger",0,7.78890058841326
58,"Female",1,42,"Older",0,2.27084889689208
28,"Female",0,49,"Younger",0,7.84265253798905
63,"Female",1,46,"Older",0,3.1879531701784
39,"Male",1,51,"Younger",1,9.33688826145813
41,"Female",1,53,"Younger",0,7.28728611953794
62,"Female",0,52,"Older",0,2.46768656411312
29,"Female",0,43,"Younger",0,7.96719258276889
61,"Female",1,61,"Older",0,1.8396263805227
43,"Male",1,62,"Younger",1,5.74806037505364
37,"Female",1,62,"Younger",0,7.04543609935277
53,"Female",1,71,"Older",0,5.14806828168183
45,"Male",0,41,"Older",1,1.6446546131126
33,"Female",0,58,"Younger",0,7.06459361614551
61,"Female",0,48,"Older",0,2.1228418337858
19,"Female",0,50,"Younger",0,9.37438373345791
54,"Male",0,63,"Older",1,3.12031379341775
36,"Female",0,70,"Younger",0,7.19192627782615
30,"Female",0,40,"Younger",0,7.7729816753972
56,"Male",0,59,"Older",1,4.36667651937422
47,"Female",0,34,"Older",0,1.6648748754696
22,"Female",0,39,"Younger",0,8.42982510824155
24,"Female",0,43,"Younger",0,6.6118565634213
33,"Female",1,70,"Younger",0,6.9392452182086
61,"Female",1,41,"Older",0,2.22942327835565
60,"Male",1,45,"Older",1,2.29512226099447
36,"Male",1,59,"Younger",1,8.75819433316387
55,"Female",0,60,"Older",0,6.13348659827983
43,"Female",1,48,"Younger",0,4.49316891396048
61,"Male",1,59,"Older",1,1.26419883558558
62,"Female",0,45,"Older",0,2.21268619428861
55,"Female",1,56,"Older",0,5.79021216322136
27,"Female",1,40,"Younger",0,6.59522609823259
57,"Female",0,66,"Older",0,3.01407685578092
27,"Male",1,50,"Younger",1,8.12825820136066
55,"Female",1,57,"Older",0,5.77266400056947
44,"Female",1,58,"Younger",0,2.84575302830722
46,"Female",0,55,"Older",0,1.74323485095268
47,"Female",1,38,"Older",0,2.19897315475781
40,"Female",0,61,"Younger",0,9.12962068844244
38,"Female",0,52,"Younger",0,7.76553336910903
19,"Male",0,45,"Younger",1,8.0281629942866
40,"Female",1,61,"Younger",0,8.87057397999081
36,"Female",0,38,"Younger",0,6.89610264660558
36,"Male",0,35,"Younger",1,8.60416360175543
30,"Male",0,51,"Younger",1,9.23698512302928
50,"Male",0,44,"Older",1,2.65928979442411
55,"Female",1,62,"Older",0,5.71364625798032
54,"Male",1,41,"Older",1,3.21780683327892
24,"Female",0,62,"Younger",0,7.29222176095414
43,"Female",0,64,"Younger",0,4.37618198178064
34,"Male",0,43,"Younger",1,7.82034063037288
64,"Male",1,47,"Older",1,1.22840889303296
54,"Female",0,52,"Older",0,5.99446433000012
54,"Male",0,66,"Older",1,3.17010855756459
49,"Female",0,54,"Older",0,3.93880241068931
62,"Male",0,51,"Older",1,1.26395627202604
57,"Male",1,42,"Older",1,4.87391651275592
50,"Male",1,62,"Older",1,2.5283388893417
53,"Female",0,50,"Older",0,5.57921356617929
21,"Female",0,57,"Younger",0,9.02850621740826
57,"Female",0,55,"Older",0,2.94895165663661
45,"Male",1,70,"Older",1,1.48934541931171
38,"Female",0,51,"Younger",0,7.66068958399171
40,"Female",1,58,"Younger",0,8.8167254400961
53,"Male",1,58,"Older",1,2.63679477892108
35,"Female",0,49,"Younger",0,6.97707933192098
63,"Female",1,55,"Older",0,3.0327958877892
45,"Female",1,51,"Older",0,2.23014404777069
48,"Female",1,50,"Older",0,3.53932287635987
29,"Male",0,48,"Younger",1,9.86056486082584
28,"Male",1,56,"Younger",1,10.4328444456422
41,"Female",1,61,"Younger",0,6.99020233714246
47,"Female",1,60,"Older",0,2.00820661728025
28,"Female",1,48,"Younger",0,8.01334353343569
41,"Male",1,64,"Younger",1,8.92919220997937
34,"Male",0,59,"Younger",1,8.13642756135731
40,"Female",0,55,"Younger",0,9.04645051665271
51,"Male",0,66,"Older",1,3.47682627614337
27,"Female",0,55,"Younger",0,6.14624461400664
21,"Female",0,72,"Younger",0,9.4501003118033
23,"Male",1,36,"Younger",1,4.36983520849442
27,"Female",0,49,"Younger",0,6.1686523299536
36,"Male",0,74,"Younger",1,9.47515846310704
55,"Female",1,80,"Older",0,5.13030128582292
58,"Male",0,50,"Older",1,5.06991282700653
45,"Male",0,54,"Older",1,2.42301946565623
65,"Female",1,60,"Older",0,2.52609079597436
62,"Female",1,48,"Older",0,2.40748958494133
26,"Female",0,44,"Younger",0,6.03739307595509
24,"Male",0,30,"Younger",1,4.77328469392354
41,"Female",0,64,"Younger",0,7.36395316276791
59,"Male",1,73,"Older",1,3.39533612174964
35,"Male",0,53,"Younger",1,8.2650046990634
41,"Female",0,35,"Younger",0,6.59436336750236
25,"Female",1,26,"Younger",0,7.01796555959784
33,"Male",0,54,"Younger",1,8.36046841781813
64,"Female",1,39,"Older",0,2.91708630828656
35,"Male",1,48,"Younger",1,8.58415967076678
46,"Female",0,37,"Older",0,1.32481793025641
42,"Male",0,57,"Younger",1,8.20236065621152
33,"Male",1,48,"Younger",1,8.50638222121039
22,"Female",0,42,"Younger",0,8.36050530960902
40,"Male",1,63,"Younger",1,9.16297079817494
20,"Male",0,55,"Younger",1,6.90171433496218
23,"Male",0,53,"Younger",1,4.38698114141826
42,"Female",0,49,"Younger",0,5.78135735930734
36,"Female",0,42,"Younger",0,6.91056679763884
28,"Male",1,61,"Younger",1,10.2116411399597
60,"Female",0,46,"Older",0,2.38998171006925
29,"Female",0,44,"Younger",0,7.67776528763518
50,"Female",0,72,"Older",0,4.38619293984142
25,"Female",0,39,"Younger",0,6.08488319491436
24,"Female",1,47,"Younger",0,7.08045442177407
32,"Female",1,52,"Younger",0,7.32053406964295
54,"Male",0,46,"Older",1,2.6271525305934
52,"Male",0,65,"Older",1,3.53772640646945
24,"Female",1,54,"Younger",0,6.95496542735668
30,"Male",0,37,"Younger",1,9.15986024516879
37,"Female",0,39,"Younger",0,7.02595267934934
26,"Female",0,56,"Younger",0,6.34434845510503
29,"Male",1,61,"Younger",1,9.62442885374037
31,"Female",1,64,"Younger",0,7.472662706097
56,"Male",0,44,"Older",1,3.96408698633028
45,"Female",0,46,"Older",0,2.08952872643104
26,"Male",1,67,"Younger",1,7.29863580405469
49,"Male",1,38,"Older",1,2.28209129338137
53,"Male",0,52,"Older",1,2.8738940802158
36,"Male",0,49,"Younger",1,8.80733003829505
58,"Female",1,31,"Older",0,2.57575654053565
51,"Female",1,37,"Older",0,4.84683466665509
29,"Female",1,72,"Younger",0,7.84644292538015
31,"Female",1,58,"Younger",0,7.61635904312677
27,"Female",1,43,"Younger",0,6.43037983806785
56,"Male",0,59,"Older",1,4.28759889979565
33,"Female",1,72,"Younger",0,6.68534520698182
51,"Female",0,61,"Older",0,4.76190816044501
27,"Female",1,68,"Younger",0,6.01985265871992
19,"Male",1,60,"Younger",1,7.80096039534574
38,"Female",1,51,"Younger",0,7.82552691308423
25,"Female",0,31,"Younger",0,5.87964495538589
50,"Female",1,57,"Older",0,3.50590922076661
50,"Female",0,43,"Older",0,3.56153339271719
32,"Male",1,46,"Younger",1,8.97028171611155
41,"Female",1,47,"Younger",0,7.52826794151396
35,"Male",1,47,"Younger",1,8.65358070725681
52,"Male",1,65,"Older",1,3.0545243996421
33,"Female",1,69,"Younger",0,6.80844736532789
21,"Female",0,47,"Younger",0,9.06087840350924
56,"Male",1,57,"Older",1,4.09708884582537
51,"Female",0,48,"Older",0,4.50014797162059
63,"Female",1,46,"Older",0,3.30111204036682
45,"Female",0,45,"Older",0,2.25014976096436
53,"Female",1,41,"Older",0,5.88744037993718
36,"Male",1,68,"Younger",1,8.7725447329809
40,"Female",0,50,"Younger",0,8.8604418718246
25,"Female",1,43,"Younger",0,6.91622651145526
36,"Male",1,54,"Younger",1,8.77441872257682
24,"Female",1,43,"Younger",0,7.21985175608456
29,"Male",1,61,"Younger",1,9.70190926398439
19,"Female",1,74,"Younger",0,9.08248377401689
35,"Female",0,49,"Younger",0,7.05444031083999
65,"Female",0,59,"Older",0,3.03380824547382
40,"Female",1,73,"Younger",0,8.38732756555596
28,"Male",1,86,"Younger",1,9.66830447391678
19,"Female",0,37,"Younger",0,9.13304902423451
63,"Male",1,45,"Older",1,1.57332827696458
42,"Male",0,59,"Younger",1,8.20888259320368
42,"Male",1,64,"Younger",1,7.64854118507794
34,"Female",1,65,"Younger",0,6.99892649741682
39,"Female",1,61,"Younger",0,8.075405772032
30,"Male",0,38,"Younger",1,9.32002313429619
39,"Male",0,51,"Younger",1,9.09613727986146
42,"Male",1,62,"Younger",1,7.90662728536733
26,"Female",1,70,"Younger",0,6.10878753504247
64,"Female",0,70,"Older",0,3.22196222481382
52,"Female",1,48,"Older",0,4.92754166201512
41,"Female",0,52,"Younger",0,7.23465031631224
55,"Female",1,58,"Older",0,5.86804794243155
59,"Female",0,38,"Older",0,2.02311292926928
29,"Male",0,56,"Younger",1,9.90546134728331
32,"Female",0,41,"Younger",0,7.2499728378969
58,"Female",0,63,"Older",0,2.31203334555897
32,"Female",0,57,"Younger",0,7.38292927633339
53,"Female",1,46,"Older",0,5.61401974640462
42,"Male",0,40,"Younger",1,7.79945475305449
58,"Female",0,72,"Older",0,2.58800029583891
22,"Male",1,70,"Younger",1,4.32446717126686
31,"Female",1,40,"Younger",0,7.99026213793872
34,"Male",0,61,"Younger",1,8.18922919103467
19,"Male",1,45,"Younger",1,8.4275813034372
54,"Female",0,45,"Older",0,5.5806768752358
41,"Male",0,51,"Younger",1,8.80119622797708
28,"Male",0,45,"Younger",1,10.2252621357804
50,"Female",0,60,"Older",0,3.96337630325328
24,"Male",1,63,"Younger",1,4.87838881062978
32,"Female",1,47,"Younger",0,7.33361278164217
43,"Male",0,55,"Younger",1,6.10698303402764
54,"Male",1,52,"Older",1,2.95084676791804
40,"Female",0,46,"Younger",0,8.70201024986827
28,"Female",1,65,"Younger",0,7.62696483012922
65,"Female",1,49,"Older",0,2.43264667163409
42,"Female",1,38,"Younger",0,6.34861448541049
27,"Female",1,74,"Younger",0,5.84920203270974
51,"Female",0,45,"Older",0,4.37363272207859
45,"Male",1,47,"Older",1,2.10023438063944
23,"Female",1,35,"Younger",0,8.51144623255074
29,"Female",0,53,"Younger",0,8.15315210812004
36,"Male",1,55,"Younger",1,8.97970748363053
61,"Female",1,52,"Older",0,1.93448170522196
52,"Male",0,55,"Older",1,3.46250736662371
25,"Male",1,52,"Younger",1,6.82728555503713
45,"Male",1,46,"Older",1,2.25001795109773
62,"Female",0,52,"Older",0,2.34722422476974
65,"Male",0,60,"Older",1,1.51687873104029
19,"Female",1,76,"Younger",0,8.8936202342061
30,"Male",0,40,"Younger",1,9.17863218816044
62,"Male",1,67,"Older",1,0.768960503613345
55,"Female",1,64,"Older",0,5.56515011429073
36,"Male",0,20,"Younger",1,8.3137047081073
48,"Female",1,48,"Older",0,3.56862669510959
28,"Male",1,67,"Younger",1,9.93171671210364
61,"Female",1,69,"Older",0,1.80821503990712
28,"Female",1,43,"Younger",0,8.09968753458082
46,"Female",0,51,"Older",0,1.70612304551205
50,"Female",1,31,"Older",0,4.34033456978438
44,"Female",0,64,"Younger",0,3.09412364242254
42,"Female",0,56,"Younger",0,5.74734607154018
25,"Female",1,52,"Younger",0,6.62510834537881
50,"Male",0,51,"Older",1,2.725348428825
45,"Female",0,50,"Older",0,2.22093328562675
57,"Male",0,58,"Older",1,4.83148056241019
61,"Male",1,53,"Older",1,1.10531974378614
25,"Male",1,53,"Younger",1,6.7882789259594
33,"Female",0,47,"Younger",0,6.97558366071218
27,"Male",1,64,"Younger",1,7.84794873838462
32,"Male",0,59,"Younger",1,8.73867019274024
59,"Female",1,68,"Older",0,1.71042486232032
41,"Male",1,64,"Younger",1,8.89600962351355
57,"Female",0,66,"Older",0,3.2806975371765
45,"Male",1,64,"Older",1,1.75214279410689
57,"Female",0,43,"Older",0,2.63870933602293
19,"Male",1,38,"Younger",1,8.58206631851872
63,"Female",1,53,"Older",0,3.2284358104039
35,"Female",1,55,"Younger",0,6.98713618846925
28,"Female",0,60,"Younger",0,7.70638754467765
19,"Female",1,49,"Younger",0,9.87260560548538
36,"Female",0,49,"Younger",0,7.00247143611798
65,"Male",1,58,"Older",1,1.0013086117693
19,"Male",0,42,"Younger",1,7.55544672472807
58,"Female",0,56,"Older",0,2.28571974351889
40,"Male",0,32,"Younger",1,9.17805485334876
22,"Male",1,43,"Younger",1,4.9225383007497
23,"Male",0,61,"Younger",1,4.60877942833709
34,"Female",1,66,"Younger",0,6.94866715378522
44,"Female",0,55,"Younger",0,2.95508774171461
29,"Female",0,39,"Younger",0,7.82407149825484
32,"Female",0,48,"Younger",0,7.2454893392021
51,"Male",0,65,"Older",1,3.39250872355254
31,"Male",0,39,"Younger",1,8.53838145109013
19,"Male",1,61,"Younger",1,7.83157806223232
33,"Male",0,55,"Younger",1,8.24271605755485
32,"Female",1,67,"Younger",0,6.98836447150485
27,"Male",1,66,"Younger",1,7.93635047622281
41,"Female",1,53,"Younger",0,7.2518779622414
44,"Male",0,54,"Younger",1,3.34976514541508
20,"Male",1,48,"Younger",1,7.10578566079973
51,"Male",0,27,"Older",1,2.73167938081352
60,"Female",0,39,"Older",0,2.01122980945323
57,"Male",0,57,"Older",1,4.97767859962639
47,"Male",0,55,"Older",1,0.534220831335884
33,"Female",0,62,"Younger",0,6.92389834051405
26,"Male",0,50,"Younger",1,7.70051532801329
64,"Female",0,25,"Older",0,1.93273122440606
30,"Male",0,47,"Younger",1,9.28348182413354
44,"Female",0,45,"Younger",0,2.59256620840565
35,"Male",0,62,"Younger",1,8.61095390070746
64,"Male",0,55,"Older",1,1.32506618190114
61,"Male",1,73,"Older",1,0.681009893073762
26,"Male",0,51,"Younger",1,7.6629859195012
52,"Female",1,64,"Older",0,4.5587913687497
62,"Female",1,48,"Older",0,2.21926903771012
26,"Female",1,52,"Younger",0,6.2180431074451
65,"Male",1,50,"Older",1,1.07393861075578
22,"Male",1,49,"Younger",1,4.79081322978777
57,"Female",1,69,"Older",0,2.31319388335743
45,"Female",0,54,"Older",0,2.45162596677933
35,"Female",1,60,"Younger",0,7.04366567271096
23,"Female",1,51,"Younger",0,8.02533095715004
57,"Female",0,38,"Older",0,2.44563092513582
60,"Male",1,28,"Older",1,3.14855444056607
60,"Male",0,55,"Older",1,2.31119473744164
39,"Male",0,42,"Younger",1,8.76705880029971
43,"Male",0,43,"Younger",1,5.87391053925338
55,"Male",1,57,"Older",1,3.84545871383134
53,"Male",0,63,"Older",1,3.10800851102527
32,"Female",0,55,"Younger",0,7.32985498969504
44,"Male",1,67,"Younger",1,2.87440730123757
25,"Female",0,66,"Younger",0,6.69565561349902
39,"Male",1,69,"Younger",1,8.73596249888829
60,"Female",1,56,"Older",0,1.89099822493918
42,"Male",1,56,"Younger",1,8.04596464002789
31,"Male",1,59,"Younger",1,8.50568861560395
61,"Female",0,51,"Older",0,1.97001919967509
25,"Female",0,59,"Younger",0,6.6776101925158
20,"Male",0,46,"Younger",1,6.58579956534784
59,"Female",1,46,"Older",0,2.59884497751557
36,"Male",1,49,"Younger",1,8.9208954047317
48,"Male",0,44,"Older",1,1.2358863160347
61,"Female",0,39,"Older",0,1.63059646367597
63,"Male",0,51,"Older",1,1.62949662526247
62,"Male",0,51,"Older",1,1.34867716293882
23,"Male",1,46,"Younger",1,4.34608905767914
43,"Male",1,50,"Younger",1,6.1975347338654
46,"Male",1,39,"Older",1,0.621420316404249
56,"Female",1,37,"Older",0,4.01378235013683
38,"Male",1,67,"Younger",1,8.60852311685275
21,"Female",0,45,"Younger",0,8.90196817885943
27,"Female",1,56,"Younger",0,6.37020370486431
33,"Male",0,28,"Younger",1,8.03302895596445
33,"Female",1,48,"Younger",0,7.10306326858393
52,"Female",0,48,"Older",0,4.75290338109342
56,"Female",0,56,"Older",0,3.35983209135967
47,"Male",1,51,"Older",1,0.284855006217578
38,"Female",1,64,"Younger",0,7.66662339959905
44,"Male",1,68,"Younger",1,2.87627558146992
55,"Female",0,46,"Older",0,5.82277642369033
64,"Female",1,49,"Older",0,2.64810768876478
19,"Male",1,75,"Younger",1,7.53361877563179
63,"Male",1,59,"Older",1,1.28003278312444
53,"Female",1,48,"Older",0,5.5471756010754
27,"Male",0,60,"Younger",1,8.33913718998913
54,"Male",1,52,"Older",1,3.01296003011248
61,"Male",0,73,"Older",1,1.69880331792658
21,"Male",0,58,"Younger",1,5.69017592237015
52,"Male",0,52,"Older",1,3.34740279357726
